paymentId,originAccount,destinationAccount,amount
d3681ac3-0d91-4f70-b0eb-e44c40c3d5a0,NL93109237154559,NL75645283798457,€300144.93
7b461426-2489-4e33-93b5-49253b2b435e,NL92669047265661,NL17268992225980,€600566.97
54fe7fdf-e645-4e20-ab42-bf2fb19f2f8e,NL36708369238905,NL43062699033814,€392083.69
dc05cd2e-3826-434c-94bc-6a2fc8dd6670,NL93690483401644,NL3181886803920,€193096.86
8950a323-114d-4596-bf65-134befbf56e3,NL19958455851597,NL35109172214243,€567632.98
8de052ac-ab1c-4441-a610-b32edd6ae75e,NL24333792701959,NL20480959945251,€181755.73
c902d252-a741-41d5-9e2e-dc32bef7e683,NL93632839168788,NL82944566077188,€10633.91
47eb2d16-e1c7-4e5d-94cb-0ec72a2f57b5,NL90637173224906,NL7690413757762,€638786.95
d8088a09-1dd3-41c7-8d04-ac1a47acd6c9,NL89780677850450,NL71343584451370,€309321.92
b85db58e-b1d3-428c-8816-4783c9184d1c,NL21867884380918,NL37835750713033,€737521.14
a261f1bb-ce97-4b23-b179-4f9d8466e560,NL15982066303092,NL72928710577621,€341185.14
cf84d815-45ee-4207-87da-031c2741f424,NL8153996986536,NL44110783013820,€74244.44
2899eb3a-eb3e-4082-b790-72dfbb66447a,NL76519857536740,NL11203274838029,€545193.21
e644dc9f-bb80-429c-aa25-d69ecdaa8d04,NL74894896961704,NL27999038625255,€681786.85
bcbee35e-02de-4042-bd3c-812fe4b88320,NL94378362131649,NL22469411347409,€218410.48
d76365af-cf4d-4c17-b246-5060bc8638f9,NL86820649950587,NL23628925242022,€557290.80
b0e40228-7931-4091-9d44-166217a0f2bb,NL39657482174450,NL36628558889067,€563264.17
f4db23ab-cf05-46ca-b3dc-4f4d2d371b3a,NL34657668549517,NL72766822163028,€738451.00
41dbfed8-2315-4af4-b2ae-9acb7e58976b,NL94577628817745,NL82074402290975,€642261.54
afbe811f-be8a-436a-8bde-17de88bf73f4,NL7267117163575,NL93178414387317,€612059.95
3443fcf7-7ac7-4f97-9a04-e941e61eece6,NL18917426818716,NL32528370579184,€956764.75
08897a11-58de-4c15-9d3a-86f9ed8324aa,NL34321074166220,NL9269493330392,€634259.16
cbda22be-08e6-4b1b-95a7-36a40e36edfe,NL99226472772380,NL53988469444681,€629583.97
314b6965-479b-4fa2-a902-0bfdcb7d6faf,NL70180140262846,NL24037159291826,€814564.52
c9d16ab5-bd91-405c-a2a9-2810fb68f2b2,NL59855682408900,NL70031574058312,€895912.54
68a0dd3d-3256-4fb4-8e13-6f97dd63de60,NL62896496480191,NL95321798291010,€393396.39
c32eb14b-e26a-4736-93b7-7de0b37d4fa5,NL4835981172206,NL36447990911423,€569542.42
317a94a5-ddb3-4e55-b750-87504e8e5cdc,NL53196810993901,NL77177730688862,€794089.31
8bbfd145-614e-403e-b44b-d90635dab373,NL54060429573253,NL28465317768820,€789057.18
78772690-51de-4368-a07f-7fec849a8fc0,NL53306930696821,NL33996556320045,€6297.70
eb13b883-5a79-4ff3-8a4d-e9a2ff732e7c,NL71910537093854,NL30226768942513,€150375.66
8c79dadc-220b-4058-9eff-eb16b10ed8c8,NL16909929791519,NL95248442167289,€534796.12
6369e6ed-0c78-495b-a06f-a2b3a467fcf1,NL61525435764455,NL51175626836252,€58621.64
aa6b5c96-e011-4ed6-8ef0-0dd4cb9ba2ba,NL19836367305156,NL49449053326965,€706601.08
9acc5b28-c7a0-457e-8d9e-457f79b37c1d,NL1358360809958,NL24706325018259,€960056.68
5dfd77e5-8e53-4e8d-8204-0cfb04281c47,NL95018905822955,NL15984658316771,€334411.23
17508812-374a-4c2f-9e79-cc1e0279341a,NL41165873835719,NL93897991109701,€399073.37
d2288318-eb37-44b1-a640-44a7731d2bb2,NL38745911536300,NL80844575175576,€724576.69
d5b77bce-b188-44e7-bb37-dbe00cf185c1,NL90925828273584,NL13451032141839,€652510.45
bfb66894-2231-4408-ae8a-3da2881e6dd0,NL34615003254993,NL76461058053167,€560511.99
c60a6335-61d6-4dc0-8f42-999af860601c,NL58623505785319,NL54549414996442,€98508.31
deabc385-277b-4e78-8602-4bc2f45fa8b9,NL31207963194645,NL97907702181200,€30000.47
9d79bbc8-afe7-4f08-8345-32113dfe9408,NL11658487435215,NL12280301190429,€16055.44
dffdb3da-7675-4a02-8855-cd3b9497043d,NL74315787230795,NL55316362940626,€623245.75
9d649479-6a61-4f45-849e-f488d39429e6,NL6364455850174,NL95108628823137,€629114.36
0225c8bf-60ab-45f4-8abd-4c2b25dad96a,NL80750556493299,NL55674589447116,€94938.46
6d0211cb-17f7-4f67-aee7-255ad7934463,NL88750963743395,NL50195142827429,€386184.50
2b4047f3-7769-458e-84f7-9cd47bce135e,NL99990747635408,NL12965266727799,€448907.52
0023d77c-0c09-4ae5-9ede-0ee9f128bacb,NL29846663055895,NL11299323939996,€219811.54
0fc3683f-b72a-4750-b797-1cf88d2fc067,NL31012031146031,NL77091944186986,€372066.54
8591bbc0-12f4-4039-b27d-549983712304,NL62514885485910,NL56578383118981,€927354.93
343fed33-b583-4011-81ce-20d1b39b533e,NL39750767440003,NL22377112173879,€957322.33
c2e3b429-11e4-44eb-a747-65dfe3472d00,NL63993025480094,NL87007618459016,€988599.25
04e4b447-8603-48af-a302-2541584345f7,NL61092249944514,NL6957243300281,€164461.55
e027ac79-daf2-4cf9-8bf5-3bc4ba6d663e,NL77735892756031,NL11214420564404,€163004.67
33a1b2ed-b680-4cd6-b97d-e5640868a5d3,NL78151142641930,NL19894364795376,€59827.54
de62c4ea-cd80-4a6b-bd86-f36f6ec1ec8d,NL74848481884979,NL83205109857350,€456428.71
3097d873-906c-495d-8e71-f493ebb00562,NL40471695599161,NL92231165993591,€548385.78
455879ca-02de-4192-86dd-229c4573d745,NL15476823259180,NL8869630549790,€978812.66
1344c0d8-2ad2-4726-8b0c-6e936e4b20d7,NL53020780983345,NL59545895064817,€948653.98
851f3582-2eaa-41dd-b402-d74c9122e56f,NL94591216682553,NL53934340027655,€878681.13
269fbebd-8c68-458c-9024-6582c2f83faf,NL45412622873587,NL30524507774906,€769137.53
04060bf9-4cf5-481b-b967-a58b5f4aa0f5,NL69922621691273,NL48578595763091,€95205.29
d76eb045-27b5-42dd-868a-bae5e51e66f4,NL3777563077765,NL42742618892297,€672564.67
3f4e66de-e7a9-4215-88f5-f1859702aef8,NL39823120688763,NL95884377499388,€132493.91
a2dcd8e7-2f6b-4c71-857b-90f431d7ef90,NL36967831594414,NL14237698504443,€702034.29
426245bb-95f8-46ed-8960-a707f7b41943,NL68358805951621,NL97180771675555,€314702.19
0a4b90b4-4ef8-4d0c-8529-f8a203dfeeb6,NL43886231394126,NL12957314530053,€956749.41
4f4ec5c8-9335-404a-b2e7-2db22b820d53,NL38419892043950,NL67184447200921,€929059.41
e9161e9d-e848-4124-956f-e0e17bf27b98,NL23065900296435,NL34722693296873,€899471.75
c307e9e0-9bee-46e2-809a-f8f1f9e34712,NL55614775755549,NL13510513177153,€898662.71
087e05fe-6e2a-4b8c-9220-c1ac3005bddb,NL67911371842421,NL19551758417659,€616241.77
a05e157d-62c5-49a4-b5de-2bb675a35ddc,NL2892059678255,NL63142525299635,€23669.25
9f432812-2729-4411-a921-88b6740e94cb,NL3565250881917,NL58826453956539,€906179.55
cc592055-d898-4bcf-9ceb-4ec471a85bec,NL69088233047989,NL31350453246080,€262259.29
9cb15ea6-9ea6-451c-ac58-29cca6f04b31,NL72730027985419,NL21379073397759,€164455.79
5280e55c-5d1b-4ede-be98-7fd003dfa8cd,NL80597260799886,NL447505395226,€197912.53
7914ee21-73eb-4611-9366-1aeb9cee66d3,NL87324053113575,NL16738379341084,€693354.11
99e5585a-ebaf-47f6-99a1-2b2d9f05d26d,NL50219130448437,NL79058421172292,€917051.70
9aeeb7be-4674-4a36-bf18-e760737e3b81,NL36450258519575,NL97108454307123,€533303.92
6c784adf-5044-4e67-84ad-85a5105cd71a,NL25982579704776,NL41586977996049,€522803.35
1683024a-2872-4627-9c68-6fa43dd0af7e,NL39011576019917,NL94664492946896,€487686.47
ab62d0a3-335e-4de7-adc7-8ef21d2f0fb0,NL38944881311009,NL24732469896251,€394113.10
6cfd2d50-1566-430f-9925-147da9352fa0,NL27289536534956,NL91107295860107,€693057.91
462bc173-eb6f-4ee9-bbc1-9c00c776f89c,NL36238373534698,NL92935522553965,€960656.25
ab9cc753-1ea0-4dd8-9107-e92cb1893bc1,NL91943525657236,NL9407406698864,€800512.48
8b700993-5b4c-4e93-bf92-3910925afc9f,NL42049303926037,NL39123376892101,€287600.00
372b3a60-839e-428b-ac96-12db56d549fe,NL48978398733164,NL63953189343701,€185914.99
3f62a240-2d01-45eb-95ff-6ae523ca5745,NL31736251762450,NL81400495237297,€27559.94
e583954d-b037-456f-ae2a-c882abccde82,NL45272228149654,NL92155714113529,€733100.18
44375b1c-64a2-4ba8-9a4f-3103e5af9bbb,NL36715687305671,NL45600187431935,€907665.50
6799274c-9d91-4fac-8fce-8b5aec8155fc,NL44920221430825,NL80785788685823,€517401.88
4f0445ed-b3cc-4830-a862-8f98bf2e91f8,NL53489356893646,NL82105543563141,€73937.90
46ad157f-17bb-41c2-af6d-45a0350e07f3,NL47222744333294,NL18622856661269,€992361.11
4dd04e44-8362-4359-b800-60877874df5b,NL17925602790358,NL20074840394373,€203962.07
7c260980-5218-48bc-92dc-782d5236c4f6,NL16370752438071,NL98099869529862,€769143.95
5f5d79b4-cb25-40be-af33-e87bff22f451,NL74483841654373,NL91773999717428,€657273.16
758c2e75-444a-4ec4-803c-a3ad1b4cc25b,NL73410030881708,NL40525832488075,€671266.56
41c025f7-422f-4273-8815-5e7a8f6c22bb,NL73149264727522,NL99765174473013,€357948.39
f8687905-9741-4a70-af96-a283c7475bc9,NL53382483896331,NL96416013900867,€810614.07
46e55e55-9eaf-41fa-92d8-32ea555a8264,NL25650157711071,NL37147843895730,€35571.86
2abcebd1-d82e-4f05-a26a-103a4bd96297,NL48957656159448,NL91164695485812,€109208.14
d609c2f5-4cf4-4f86-9710-1dfe501fea7a,NL22325964031992,NL32113291727390,€833647.79
01ecf1ed-685f-4c5f-a84f-29549b3269cd,NL19818558642541,NL5196711385003,€208934.25
98d0989a-ea00-4860-b1fe-8024d2b9cd8a,NL69022500842638,NL45128397737675,€161626.41
2f52e2bb-a051-4ede-8573-0df802da4fff,NL62934816125602,NL79695613328901,€655792.15
38bc8423-a31f-47d5-b032-4140b50482ae,NL96358007552668,NL84143177998275,€112801.86
125c3417-ef17-4789-b3a8-1eb458228bb2,NL64398324637569,NL20532015602230,€187206.02
d0fe0d28-fa7f-493a-958c-82c0e2a8a910,NL41699314044288,NL45902307340383,€51431.28
8a9dc4c9-24e6-4023-ae5a-502705100fb5,NL43550538282203,NL936506008268,€103928.16
457188a2-df55-47ac-a1e8-9b4d09f0015e,NL46570176636373,NL42142314043234,€359863.15
0aeae300-c24d-4dfd-939b-4b2b50d69ff8,NL68862059456159,NL51306093520383,€659331.99
82e4b05a-0772-430a-ae55-9e1affe27ba4,NL13973724545113,NL41893803086435,€164712.95
0c531d56-4934-43ff-ab8e-f7647a1e95ad,NL64551230608845,NL18346103612008,€145903.26
a81e5316-e0c7-44b0-8155-93fb95fe80c2,NL16765765838643,NL85836289656622,€27494.63
272f51d3-52ba-4def-a35b-57e52205f4ce,NL36485231102027,NL70039044289735,€685813.84
5d4fceac-3a69-4ff6-b1cf-6a55d418bfa4,NL85622845734222,NL31312466580684,€467340.49
59ff7799-f176-45d1-81d9-1271fa9240f3,NL65892009667353,NL56278324219564,€433522.25
01f21c21-1c65-4973-8c8a-29102c05727a,NL9972529338028,NL97003947447179,€13079.11
4be92232-5671-42ce-b2c8-617b0b3ff3f7,NL81546397545062,NL69799409447666,€614790.64
bb6a3e1e-cf96-48af-9e0d-45d30762f439,NL99083237608211,NL77628260151728,€36339.69
0d3bd530-776e-4372-9292-978f1c14d6a3,NL81780968191780,NL90804211442474,€603602.04
03c59b42-9ebd-4228-be8c-89aa6f21184a,NL52315505595888,NL13423650723403,€998339.57
0157f486-5952-4314-aed4-01923408ef03,NL16598034056932,NL17917676658699,€517498.44
aa9ff925-78a1-42c7-b9e8-85bb433fc172,NL2253713038735,NL83665723990186,€343977.62
4c6a0159-e88f-4bd3-87f3-f749602e3452,NL20867968638879,NL61849123770245,€423893.25
47c5be2c-57d8-4a96-8b03-68c6a9d6f58c,NL75790659365933,NL9404785243004,€310573.82
854ea7f9-ba76-4620-af56-4b782b4a6fbe,NL10867971318808,NL68741273439488,€503928.36
f1582654-0e0c-412e-9737-61b23f90c9a8,NL56118963286188,NL11124870064137,€670162.58
1a454bc2-5c32-4e92-ac45-40ae187327d0,NL75889141502579,NL27107781634343,€872185.34
903d4326-4a05-45a1-840c-3f9a9d142013,NL56811027158926,NL24473957667638,€35971.49
3032f031-adad-49f8-9bfa-9b4d16b6e0c5,NL52772068214088,NL55136290009732,€600138.94
947b4ba1-ca5e-430f-b6fa-90c3025db660,NL32015432023913,NL3438547123924,€100877.24
840f9281-f501-4aac-bbb8-b628dde64424,NL91349689185555,NL55727790203915,€178492.53
c9a19fd3-b2ea-4f92-974c-8fded7e82f7d,NL11176220480259,NL54685359225263,€363316.23
a7c44641-f1cb-429f-8b51-fc71fceae4c8,NL43302384055893,NL37680341712500,€62440.67
3646a165-372c-474d-ab42-1cc695e8f821,NL98752353288285,NL34924924571279,€862388.46
43f822ba-bbe2-462d-9b8f-a55367605479,NL95403057888117,NL96972237536630,€255016.63
473f0135-9547-4df2-9b46-afa4c5e52b2a,NL67838950511657,NL29063755880169,€800811.02
00955ce4-b4da-4c84-9aa8-5c9da350bcb5,NL41617255769284,NL92434601856527,€564906.17
14af66d8-76c5-4a21-bf26-abe23f45f5d6,NL86936378033200,NL64647382401466,€486778.86
6846fcba-9b26-4b8f-9e02-a0007e15efc6,NL87684037495112,NL1487658599675,€666949.33
0d8f178d-3b99-4ec5-9cb0-5839804c09b2,NL30270768748220,NL65377898186812,€55866.80
26e5170c-1d75-4ae4-8219-08de18c4f499,NL84045729147546,NL21172192292250,€491990.79
5751ade5-b4dc-4619-98cf-3b4b0304d797,NL62158624245126,NL24728281169546,€979416.39
c92b1186-3106-4517-91e0-b9b72329db0e,NL53484139878502,NL76359283978566,€828667.30
07c56fcd-e07a-4832-938e-abf1afd19ed0,NL87582869692245,NL75361942480485,€47906.08
422a0a41-1a90-4d05-9e74-8a59e56d18c2,NL90943222777145,NL4552194667855,€653731.39
b42ca984-6796-4039-b23e-1ea227de60d1,NL10472227250559,NL44781582862187,€996897.03
11f51b2e-4879-43f4-99a4-969eb1c24024,NL52528099841992,NL60834805465867,€342204.59
1ef50ff3-727e-490e-9ac9-f59247ef60f2,NL45362360006233,NL65593849814828,€578151.50
9ece0d80-c4d2-4845-9376-64cf3a101e9f,NL10911545385597,NL81371573614666,€381981.24
96c43fce-ff18-4ffb-a0a4-a976db2a442c,NL15257557356228,NL31074675645693,€404220.03
8448adce-4be6-4621-b7b5-0ea3cea0acc3,NL72209781630223,NL632017236900,€68155.73
7830cde4-c175-4388-a4d4-38ab5fa7658e,NL26406733889075,NL81599604538315,€9846.40
0a7dd234-ffba-49bc-8143-88f4052cdc3a,NL10781809631295,NL99376340069808,€899296.00
76b186c7-9522-447a-b076-f29255eb3bb7,NL28890157492878,NL43169774839126,€165623.30
c842d41a-834f-40cc-9f43-f1c7626e0516,NL16719988948671,NL4767831514625,€56177.03
fb1a25d4-7d88-450b-8414-92f6f31f9d53,NL5847024585319,NL67257131682954,€299080.15
c43cc1ac-9bc7-4abc-968a-3c1486ee577f,NL11013538931005,NL24032272090955,€802714.92
b268b4bb-5c05-425b-baaf-3d60b2203758,NL73176434446974,NL39130828612333,€438558.58
7a99c678-90ef-4836-ad7e-f7a62e3ccf8a,NL1288715541884,NL31106998254354,€74050.30
e1b9664b-cc92-4991-9bd9-f534299c8921,NL37872259150805,NL27837504667210,€336216.04
d36dc19a-4be4-43e9-8660-cc7f9d0a5d27,NL32892953680992,NL22199044044576,€796433.15
8ba59db0-c9dd-451c-9a6d-a491bcd74d6a,NL38615668642971,NL46034962771491,€901571.21
e30d5ea5-8809-4d97-971a-ccccf114de0b,NL10860238143475,NL62972863736001,€93806.21
b8a791a1-aa10-438b-ac7a-417d49f5df19,NL29562720007902,NL91018554371730,€667440.43
e66e9d5c-f01a-40cd-8cb7-e3484ffba792,NL88315977618163,NL40734822974346,€288436.40
9fd3fe83-5a20-402f-bc15-3967d3ac163d,NL63017196691997,NL13559491524808,€341449.73
5b25a238-b984-43b7-b3de-960df8fe54e1,NL18014207565865,NL25891902941444,€989467.25
1836e304-4f52-42a8-b49c-113a266b7d06,NL34243671210831,NL12302045592308,€558527.93
3f978807-6e97-45b7-8f54-aaf7de7d8b57,NL65990202318012,NL52141767995636,€450208.81
cafbbebe-d898-48ce-a321-4dd70fb877ff,NL62066434732130,NL63169336173604,€31358.13
55031a97-db00-4af4-8714-c4ce50e04ce6,NL33134876115077,NL33659445695476,€814018.68
6197473e-a004-4c9b-89ca-c16317c4f93d,NL50026532298281,NL5453482815097,€314531.49
bfaa75a2-06e7-4fac-90d4-4a95dff62fb7,NL66563625763369,NL99626521082645,€34688.00
3e1bcef3-4cb1-45f5-aca2-73f91a0154ec,NL57728321864663,NL66901523590114,€133885.39
825df756-bfd2-4396-9e9a-5ecfbacdb33f,NL95564626152546,NL40423673056595,€759663.80
63a359f4-a6b0-4106-b1e6-634d492512a0,NL39164060077684,NL43753297209131,€917366.03
049a6a5b-0700-4a07-ba37-4a0023832570,NL63176778091579,NL73138654988073,€400592.92
737dc6a3-bc65-4fbb-8ae7-d5356f21ec5c,NL27023798705564,NL8048728829551,€408216.55
fa452d9a-2fca-4671-a16b-6ee19e05cc4b,NL69794086307911,NL11307730550079,€635792.78
69775938-6d20-4e80-bf2d-43949eed2a83,NL17326715331313,NL85143311132648,€617036.09
730a75fd-a171-4d02-b5b8-fc526c443a9f,NL26336318268366,NL23534839809964,€968297.72
3d688f33-c26e-4f29-a438-da9bcaad7def,NL27949936747917,NL28962923107993,€524629.98
02ebf3cd-f559-4616-9503-522292176d29,NL84985044596015,NL18515353563993,€26936.32
268305e2-5d88-4464-8fd9-e07af158d8b4,NL85317435562922,NL2265158024175,€300562.78
46f03f65-1d0d-490e-a6ab-a507037a2887,NL11476838073171,NL90860704234407,€263558.97
6359648e-cb7e-416b-8ae3-1baf48bddca4,NL98709351774907,NL71021275216733,€893398.90
20126f8c-32ce-4b89-86a4-8bb1a0e4f49c,NL24062093977400,NL88082467407400,€275135.24
5dd0197f-5f58-4949-9d29-0f54a5f71de2,NL17782031231514,NL25309023211929,€558411.43
2a53d346-8ff8-4149-9e1d-5bf72c5fdc70,NL15279120440106,NL3437898490623,€860932.83
6587bc03-1c18-434e-af5d-3df79c588029,NL82371622492779,NL15987438200508,€24891.88
c4b8c1c7-7961-417c-8b5b-959efd0a7e48,NL58424677119624,NL83251489466771,€258825.17
e04714e1-8d03-40c3-a42c-c261741cc661,NL31798615706473,NL15664945456546,€913601.05
29ae00ac-b1e4-405d-9040-b19c3dc59d9a,NL4152490803248,NL5727525370691,€450187.45
4489847f-2f0c-413d-a75e-5e2e3a20f86f,NL50528659285310,NL34906842343286,€29124.64
ebfd8f75-2b46-4a0d-9e4e-abce7ac9ac05,NL78873477437931,NL41737137990428,€218051.42
1605b032-1201-4f82-9090-8c5bc7862316,NL14261045878770,NL94771981725911,€862556.13
f06a589b-c417-49c1-898d-8f89d46866b7,NL52271155130511,NL31942993701613,€235733.99
e033a31c-63a5-4ae7-b1b8-97a47369f2de,NL76195736189636,NL88648745975516,€915526.75
6465b02a-bdeb-426d-b46a-d8e6d20077ba,NL69448558797955,NL88176803201136,€880379.46
c12a579e-c1bc-4b05-beb5-8a92acc718c4,NL80398810661483,NL21809632241932,€366120.81
f4801196-6a1c-48cc-8b03-cf6898b0915e,NL7002692469906,NL7778748226643,€5343.75
f0154c6f-6859-45f0-a3db-8899531a9b8c,NL5943875363437,NL88753207955646,€726274.01
0ff44c02-78c5-4f59-94c2-a26b454cabf0,NL55116006202833,NL63470836863951,€221637.11
6f24b98f-a85c-446e-8c6b-aac3c8a2e3dc,NL58019968105533,NL30984399230359,€682205.80
a2a98a0f-bc95-49ca-961d-e98a49759c0b,NL63192313806403,NL60126205507838,€821372.60
32480179-5822-4497-bab1-4d72142accbb,NL17446430135841,NL92031498036346,€444428.66
7e204950-3ef1-49ae-b1ba-abe344a247dc,NL61081901077008,NL94019736923662,€552903.58
0542fb5a-a748-4a60-b197-70a3b154de08,NL31156871073107,NL50260465663547,€99779.12
d080fb33-38ee-4ec0-8827-d9847ab7d14a,NL37564399384306,NL22949846920987,€503565.24
1c284d3e-dae8-4a48-8956-1d79c27b9957,NL69519126482294,NL46300694007573,€66971.85
eabd3819-bdb2-400d-8661-cea1c86a1ffe,NL25448531977709,NL6252392504302,€354206.25
fd371635-12c9-4532-ac78-b2666c8e606f,NL83197241865354,NL9298754721739,€72265.53
568f68fa-a699-4dab-a3b2-71a4c490b379,NL33809658820358,NL37863932604333,€613040.09
cd1c5506-1507-4ccf-9105-933cb438ef65,NL4435129475312,NL84871382822191,€311840.58
a2911e8f-557f-405e-a38c-81377fc110f2,NL91530723495274,NL77088573663161,€480470.15
dd899aa4-05cb-48c1-9c4c-15e04cc9a6e5,NL12638674200349,NL93561836008108,€630686.54
b010e298-f618-490e-bb14-f77589c2fccb,NL46428917627346,NL72905392790735,€433594.72
ccb2fe37-7e54-4c5f-8fda-4656218a0864,NL12420619874789,NL3645096340909,€821924.07
4b7dbc8c-6a8e-4c03-9f5c-97285247e314,NL76002496923494,NL19081276850829,€825633.90
3491ab5c-f3ce-4195-a254-18b6bd19aac2,NL58781351769090,NL62622416423099,€457328.61
6d164985-87a0-4b27-a681-8999ee6fc236,NL92990745846828,NL80054954223960,€707220.64
77b87116-d4db-4dc1-a1a6-9c98ed4cd4bd,NL35787923574366,NL3577857862901,€566349.22
5eda5524-4432-466d-9cd7-6679eb59462f,NL99252102033949,NL96096486621593,€509978.78
24d39dec-a3b0-4ff8-940d-f4e87d5b21d2,NL22593335742265,NL81512894202052,€301286.65
d71569a7-1604-4718-a67f-171987ffbdc4,NL84703302896885,NL44124222039471,€614078.06
19be7764-13e2-473c-8666-f29d141ef4e4,NL27081398073962,NL15116873752816,€87294.23
2b49fdb0-bdd5-46fe-b254-a52dfdb48737,NL7200132990941,NL13408756679552,€829451.31
ff459c99-5698-44d1-9c76-786ffe059a79,NL30255880385330,NL16374647787147,€827625.25
e8fd9885-15ac-4481-8f7b-1844c20f2034,NL58026733324593,NL9408878235357,€327367.90
79531032-7395-4c4a-9799-41dcfeaebd3e,NL41932296082044,NL68829103514648,€389623.64
87499d30-8073-403f-b3c9-9108fce41e1e,NL92173394048629,NL8289724245971,€105873.43
2817447e-c11e-4b30-a55f-389e1b965a83,NL78599514356757,NL44541978597079,€908130.47
679af849-1a7f-47e1-bbea-3699191c33c6,NL66379141794763,NL93069192027269,€114060.46
45c7028c-5ac6-41c0-a888-2aed1767e0d8,NL33243356282049,NL24325053660707,€695806.60
d4fd32c0-6d54-4d61-a182-7e76c36e77b4,NL53112119462799,NL97763469763844,€511578.89
e2dcdcce-6cee-4353-b604-90411bfe6016,NL79622363568928,NL49508390788302,€424103.53
ad4806ec-fe7b-4aed-87e1-3cb53ae273d5,NL96609067192687,NL37987519636809,€544781.25
65cdbb99-b472-44bb-9e19-622a57bdafec,NL3553573816626,NL45434579124761,€918571.79
140aa129-6f38-4bc6-91f8-e629b06d079a,NL40875925683327,NL35007701470545,€840105.34
c6df92d3-ea3c-464c-aa8b-00850d519b59,NL62443517866406,NL66136430676651,€683595.81
0de98916-2c75-47d7-a393-05d4ab61123b,NL61827311954930,NL48075492856576,€478431.21
c6f48858-65b3-4a79-bb05-2b79a0599059,NL59366601063884,NL525024905627,€327246.96
0e61a33c-8075-4b13-abc0-fa1fede586ff,NL33749259054681,NL25967058303844,€449129.49
6c5689ac-a231-42ec-8d4d-af9c31a4b5c7,NL88086367317205,NL53467764098903,€493794.21
2d6ad191-2f48-4ffb-a853-6e78812b9d05,NL84734111315753,NL86430623188161,€936218.39
13c1418c-f6be-47a7-9785-aca1b55f7856,NL58120067519069,NL19748442819847,€763794.10
4f0400c6-ced1-456c-855d-6fe02be19666,NL33602890407031,NL7275886612433,€856435.43
f4ab34a3-18c3-4484-84a9-33e55d4e7d16,NL41120589596719,NL2115499534238,€175901.80
ce7d12da-9309-40a5-81b9-6cca474d5e29,NL72938737224504,NL14795391332771,€112015.67
271930c4-e64b-40f9-a561-cfe121c2e21a,NL46526533729606,NL2280969630426,€242151.57
bea6d62d-ccd9-4548-85b3-af041d92543b,NL68836219632630,NL17274729442156,€95082.77
8c21586c-1865-4293-9d25-006fac730280,NL38536818191626,NL93803045216530,€144940.34
57573815-7a6c-4e62-b6d0-ebd0bf3c18b7,NL59399780995598,NL17245545118721,€793881.31
99e527b5-8ce7-4c2c-b6c2-0c16792468a2,NL24672983071033,NL51146921743594,€347359.55
36120138-888c-403d-b0b3-5b534ca26331,NL59372547799336,NL75966325001816,€637447.15
429a3373-e937-4a61-b90b-fbdcf5a60c77,NL14933428951070,NL39318495897822,€447661.28
46723d25-3aab-47a5-a0a8-32d3ee81dd42,NL75246140218320,NL44215789371550,€217557.87
f9a36b9d-c6ff-4976-860a-cf7b632c6205,NL93175426391,NL25138720487323,€944198.20
8a40a516-4765-427b-b804-d252d3ea5471,NL59195414559979,NL58626013793247,€38973.86
0dbc4bf2-9fd6-45f4-9306-09b0ff2dd00f,NL64469714597555,NL75100643182255,€191843.85
e6c4ad01-7a8d-48ef-999c-29a7b14db8e8,NL16232276270503,NL82884583074979,€788823.44
87536e6a-bbe6-49c6-b6c2-f1159cbf63b2,NL94589656452492,NL77166871685325,€554753.83
94ef82b5-be45-4c66-8eb0-09ffd7b69744,NL2617426540386,NL59117134732445,€626159.82
a77850be-346a-4269-980d-ecb35d25b41c,NL83929691296338,NL14699475752124,€356591.17
2670a958-00e7-48e0-ba14-180695223b94,NL73832831905956,NL65537133024485,€979802.72
2f0b5242-7dbf-43ee-97a0-436d22e85901,NL42358476564167,NL49333964614794,€86565.09
1528cb70-92da-4a59-a177-dd2eb029ee51,NL74402546151312,NL93247418157175,€750922.79
ae9d2baf-4b0a-4f8d-a224-46064f852085,NL98121071812626,NL51415358797177,€89544.92
8852ec26-449a-4f55-b470-454f0b178191,NL5254780723383,NL46406843942317,€727246.25
caa65dcf-f541-420d-9c19-f0ea6a73c921,NL26648005677343,NL72249731232085,€567725.76
f4d2d378-c3a6-44d3-8ec9-80fae61ba65f,NL20128083949669,NL11581189613467,€103602.87
fef44ac2-4b67-48d1-a297-a82caaea4602,NL65141710138900,NL78891816701840,€179482.33
d688883d-c497-44b8-9b45-1003539ebb5f,NL16131109006807,NL42631291167254,€491455.97
bada7fa9-b87a-4ff2-80fc-bd5ab2d18986,NL66098302233467,NL89018591115522,€752599.14
3ea2d6d6-7f64-40e8-81c5-84e57ce014ea,NL41089462907208,NL72560990934009,€614366.86
6944933f-954a-4722-af9c-1830b6417938,NL82030691121872,NL9296891946099,€538473.05
5d683da8-fb48-4a03-9068-7172330a3604,NL85476818563934,NL86715439465189,€765085.12
aef3c5a5-7dff-4abb-80e4-43d0bbe7f306,NL33575741067641,NL4824693661621,€709205.94
38511937-59b1-4e5d-8622-02c6d6715586,NL20786027663818,NL81250640357270,€677098.96
8c8d6889-bd0b-47e2-982e-d933cc147326,NL13973927681240,NL23126517090299,€51960.58
aaa3cb26-9323-4579-8354-d9e58c552e99,NL15199256901992,NL50433859483342,€255987.02
ebfe631f-26ea-42e3-8625-a032f5e17763,NL72336819998251,NL74733007602470,€770759.90
476c1a78-56a6-4b24-ac32-e66c5e29d640,NL94022745265163,NL81563003911108,€869426.16
b179b654-7b1e-4cf6-9627-951f260cefe0,NL87003920680213,NL62607765409653,€14225.29
f8075050-aa43-4819-ac4a-742b9ea432bd,NL11173240791717,NL17218133229510,€819983.88
46d92950-84c2-47c6-b9bf-e0b57cfe3e3f,NL74388659149966,NL10428364255076,€311569.34
4de3282a-5a87-4c97-bbc7-f549358877df,NL99797908171889,NL40290800214716,€915060.35
de08b072-9cd7-4272-a6b3-c2759fff910c,NL44597119318540,NL63729305321781,€900339.70
c13cfd4a-7d6a-4001-af33-91b39a6433c6,NL40246694179850,NL67649963580012,€286902.39
c52ed426-de52-4020-97be-37b492d6596b,NL41645197332795,NL50235699517787,€588604.53
be2838cc-2550-47d8-b7ba-fe85fef1b5f8,NL90723585666911,NL21225724476906,€530883.83
1d55443a-70d1-4a62-bb7d-270a117a5892,NL56503499925128,NL43845892994545,€749376.34
716b504b-de28-4cca-9a3d-c5e8bc9bb9d7,NL97774713242458,NL57432261128878,€878816.38
f8c7a764-a556-4da6-9472-14c45bda9753,NL41080552132194,NL67120320763251,€380173.82
2af8eff0-4831-41dd-b287-c04e0078f3cb,NL17128430318514,NL46050467284959,€584229.57
ce06d473-cbfc-4369-9b8b-45128831a189,NL75567503376030,NL49610291013440,€840761.02
3d712708-223d-4d62-8d1b-32fe42de47e7,NL2701871587596,NL83590137832727,€204925.26
49507d9e-d7fc-49c1-bd57-1bef18a6a20a,NL12124322743659,NL50892572842134,€612120.25
0802f53f-0c8f-433b-a528-c8349b9058eb,NL94627545004276,NL85061147928358,€458362.31
2aa58c58-9aed-4805-97f6-f1bfb55a0f2c,NL44770397166395,NL14537095046178,€614268.30
8ebbb264-04a3-4bd8-b5cd-1f39cf668cba,NL98948853702539,NL94629992984993,€400406.95
555ca196-62a2-46f0-9f43-f12fdeb5f040,NL91400922327877,NL86057878479742,€865129.91
f41e0c27-ede1-4357-a1b2-5c87e52e7a1f,NL21942589006063,NL74007945993739,€576836.19
6c9d63a8-591c-462d-86d9-84fff1d03141,NL44944448627326,NL47375999891186,€86709.38
a3833490-c9b6-41e9-b09a-ce1bbfd90910,NL20352372404162,NL89493209243347,€759372.71
c89087e5-e9c7-4e1c-99b8-d908ce5bdb82,NL26644583356316,NL4765501844258,€116538.62
b389fa90-9856-4cd1-9a0c-bb20def12b55,NL72357321330432,NL50259438346276,€806940.61
5530aca1-a1ca-4436-a5d6-f2059c458ac7,NL90521705096106,NL89326221428283,€343470.15
1ca51ab8-c91c-4205-9619-2d1a6132f291,NL65181881557007,NL2526947688034,€65946.42
e02e0014-1565-4908-a81c-4551f3f98dab,NL6713679908890,NL38972817866967,€799585.76
88e971e3-9de1-4005-a764-ecc629a2bda9,NL92870260272880,NL87082766353783,€140308.57
18a9bf71-df0a-42b0-af4b-9716a79f6c98,NL56031945867680,NL23368857350250,€965778.70
b8c109fd-a0ab-4459-a888-93cc37683a19,NL14809277838556,NL20995242133416,€770250.80
ddf58f0d-f190-4e1a-a4ca-1349e6522cfb,NL55185017339985,NL86345278151144,€36159.31
1d2cf187-5b28-4a4a-82fd-2fd794717e8f,NL99990977313630,NL18225665940484,€684449.15
9574815c-c84d-4b05-9cd4-36c9c332bccc,NL60641462748508,NL51428787702699,€841225.47
78923458-cea8-49c8-ad30-3a0014137de2,NL62487940055668,NL33275970523974,€830954.65
a3bff4ce-e28c-41bf-acd5-9129e201c49e,NL77955430887339,NL30962163462338,€643028.32
bea7dc15-cf9d-4356-822b-8705bd67d1a5,NL39460531673253,NL40763389485533,€459627.53
3c120046-9af8-492a-947a-c61f134e24e8,NL37081642117889,NL32757964479747,€554723.01
fca76f71-d0e8-478a-820f-87da99c35dcf,NL99448698853304,NL1310006915661,€576584.00
dac48679-b06c-40fe-a1c7-6de356d650fa,NL56751525817642,NL46063220210093,€194690.34
00fdf841-9f14-4535-b62d-a6b8df7f89ec,NL37784032709775,NL14722090386526,€300900.54
cbb59766-8ad1-488f-bf14-6e0413d1d489,NL5666775539719,NL61075689784517,€944699.18
6ccab4f1-66c7-4711-b452-76f7978da319,NL76703844010483,NL9474625306005,€807913.16
906621c5-add5-40c4-a3e3-e459d6b3dbf1,NL23463590539870,NL7102923393003,€175102.07
e8be31e0-9bac-4138-bdfa-2d1af214f41d,NL31784163622017,NL22234379356968,€241431.28
349c3da3-4009-46b1-9bac-29f287c5095d,NL4818409116384,NL9910030939861,€778083.97
62c4a13a-0f67-46d4-bf13-9c2d7d729800,NL40128342959499,NL44125931955834,€396395.46
eda9e2ba-0d0e-4453-8f49-97e7264d3be6,NL98150298475017,NL53603356005246,€260412.09
4334149f-5267-403a-91d6-b0988142bd23,NL85053908858412,NL83825509555283,€890121.56
67976a1e-a43c-47a6-8ca4-dcaf227da77e,NL514283055513,NL91800905148803,€479960.91
34abb1b1-2733-4f8e-b237-cb11716d603a,NL37377585465005,NL14547626667737,€605279.76
f80350b1-e668-4970-9ba5-2a90c6e9b7af,NL53497545498395,NL2987815591020,€589397.58
5b81df55-2b6b-4d46-92c5-b2478c2df8b3,NL97365332862998,NL34018431117503,€600173.90
42b76106-314d-44b3-80fa-d711704d244f,NL61476816944384,NL18801172878367,€841758.55
32a9f0a4-14ea-4158-aa21-21152ecf94fa,NL41812976973041,NL81661069380390,€932485.84
57c2d2e1-9370-4526-a563-3d7c75c04baa,NL10111949201260,NL58585244552882,€718059.33
2fc5d8e5-52cb-45e4-ae0c-574ce5904383,NL66849454958217,NL75404597290216,€92395.40
b7116dde-6771-4604-b63d-ba193f4f4e99,NL83656369825063,NL88965375527725,€294692.93
83598556-512e-4aab-8368-b9a81f898307,NL97171410362951,NL99338558520471,€654546.23
e1df88df-9600-4d1a-904b-2ff2fdadbe35,NL47569228141923,NL53849445919537,€451031.02
30729f3a-522e-4755-86e6-82fa1c23587c,NL91988499335295,NL92916446389891,€876305.94
32614dd5-624b-415c-8f32-877d828d9c12,NL21740264970448,NL34242673005726,€308247.11
84bb4899-ca74-4653-8ff8-fd993f739281,NL88728837970737,NL23075054925609,€322716.46
83b71165-ede1-4861-9063-5df8fff6ca2e,NL7379437868846,NL53526316943107,€508626.19
cced8bef-ec0f-429f-be76-3e3d9208ecfe,NL73930787517100,NL45458897257581,€456526.63
3b2a87e8-153d-482f-a08c-b8746482d1f1,NL14275528721649,NL92429756558554,€739929.99
4d22a7d3-5146-4f40-9d85-3121f7730033,NL54377641488185,NL59224533292820,€95584.93
7dc9c7ba-9496-4af5-a731-652bca0f2b52,NL39589403392127,NL37261521573663,€963049.28
2dcd5466-2d19-4d47-bea7-615254aa5ef1,NL80880117417317,NL18137283314889,€37486.26
eb4250fc-0acf-4e17-8347-11915ef9495b,NL27533932534649,NL51003314852954,€748032.13
db641098-52c2-4560-86b6-df8a314badc0,NL12060204768017,NL10818362095776,€999438.72
6ef92dd6-117b-46bc-b5d8-97d96c62b98b,NL34472911777260,NL67206955910584,€990686.64
3cad4b8e-9275-4e36-a796-9a9b14b550bc,NL88924877485084,NL59711865361998,€203841.41
07ffc3e7-e558-4a76-822c-a7056d1ece5f,NL19173468143231,NL21982332879164,€207768.11
34e55628-7e79-4e8a-9e24-392f2d79a705,NL72274318075748,NL52127636397778,€531641.78
9cb2ecd2-162b-44ce-b04e-f8c9fccd238c,NL72375537754768,NL60861138122830,€588766.10
71f623fb-4266-48ca-85dc-7450505f7ed7,NL29887007657213,NL23267653342374,€953722.08
993521cb-65a1-4690-b325-f85e6cac3632,NL30644531058491,NL11930272015955,€538676.66
19e412da-cf0e-49dd-af3f-0fe941503355,NL1488884132320,NL9117227244660,€627382.35
d1e8a122-a92a-4176-aba6-54a5e589c48b,NL29436450896658,NL25512191950976,€461709.07
acefd12c-196a-4f53-b5a7-c31f6fbe52bc,NL88463958738599,NL86992190888942,€478337.62
8519bc26-ac0c-41ba-9eb3-4d363eb2cea9,NL25468079054526,NL9998940610441,€918944.08
c128eead-a764-429c-8124-a37f9d661921,NL29047960362742,NL21019541412300,€644859.48
578eca07-e6e9-41fa-918e-ee457c51a6ed,NL8664417031373,NL67746554233252,€339045.74
3fa13460-9d6c-4941-8f1c-f7c2b6e9723e,NL69870547929262,NL33752085262870,€862410.62
0f386673-a0d2-4798-9816-85384b604176,NL2246701039706,NL71127722947998,€996435.40
d96c0e39-991e-4ef7-a16b-7ac660484cb7,NL61229525131319,NL50530291923140,€118771.01
c89d8001-da78-49c4-a834-6c04ee29af11,NL25403101060443,NL23975343088640,€812690.90
1b9e904e-607d-4c94-b799-9eba37db8a7f,NL58066426452466,NL48057834668326,€455897.15
d7f2df05-544e-47ca-8bfd-1f48bdf0723c,NL16915518998973,NL71337080196908,€670991.21
80cc7fed-c86a-4d18-b5e7-3430adc9e14a,NL26985454869733,NL71367522698354,€213224.75
597f3957-4478-4764-8646-99fd81edbd74,NL3783206415310,NL23319029208313,€783088.55
8a563e5f-2876-4383-be98-3b787c6bedbe,NL63525723787034,NL94343187675546,€321507.62
4bbf6670-3987-420f-8eda-e53475fa23f7,NL84288909611879,NL5701516822455,€356950.39
12200d82-27d6-4f14-a0c6-22c09442e3dc,NL33498955868789,NL60236615441753,€943600.86
4b1e9e8f-a576-498d-88e2-4eaf6b243fe1,NL44150717006476,NL68312482178554,€671359.69
1f4b74c0-c105-4db9-b836-54fdb43b99f0,NL85717157260957,NL50880903332913,€637806.60
7c64101a-ba19-49a9-bcb3-1c324c346d88,NL75016649520325,NL33740984778152,€732714.42
ca1a435c-2636-448b-bff8-56bcea5ce574,NL33574153269124,NL13373113833930,€793128.36
684aa0fb-8332-4c96-a3d8-bdad3c3a5aaa,NL35406528528136,NL49015183864499,€875646.91
9db70a10-71a7-4e0e-8470-2d7e2cc70107,NL68811378752492,NL62219668949465,€545222.77
9f644ac9-c2ee-4c11-af1a-cf840c26f292,NL47240089854830,NL86581604716557,€793282.94
ad13fb68-717a-4f42-852d-f624a613cafa,NL88091477922961,NL80767607391582,€2665.97
0c8031c7-ac2a-4901-b755-b87f661fa1e2,NL78995987450329,NL19321438046851,€26389.98
bc40a0f6-379d-4dc7-8746-1c42fc0da402,NL74967553979606,NL54904237163249,€911062.22
0a4a82f8-f993-43ae-8021-1a65a2f10de2,NL69011212783522,NL80112594596260,€537163.54
1e04c8bd-02be-4210-b19b-887a68c5ddea,NL84013515929338,NL71640085508379,€234476.34
2ec55ea8-6631-4df9-9fb6-adfcba22f185,NL44621517250823,NL68830942454614,€988876.40
f13a4f84-b73f-4fd0-b5af-8111ac6cee85,NL72142304458739,NL93527947132725,€331041.95
1de1d921-6338-4089-a6f6-b71e0ba3bbb8,NL49379416544076,NL99639121375556,€431748.33
78b89637-5c5f-48a8-81cb-0b4d054efdb8,NL89649505726332,NL76872769230152,€843025.15
ff7294cc-7082-49fc-861f-95cb29bb664e,NL15871341300830,NL10682226549196,€599825.70
c5e73c15-b494-4803-b2df-86b8c4871097,NL16974227637435,NL75495042224722,€327017.85
e2224419-5104-4fe2-b925-3e59ccc938fe,NL55905122374304,NL51888286999465,€244939.77
aa795dcd-a1a9-4a75-9065-95ebd80a13cd,NL35459169290545,NL80388023634737,€496915.34
7ac4c473-6274-499b-93b0-ff7976c1c874,NL58731767555900,NL23913355382587,€503520.06
f7599834-d924-4e64-b311-d5d910ed43a9,NL17114091277117,NL50875649312756,€90464.41
4adaab43-d55e-4860-94da-19de57014b60,NL86750712932683,NL32589623391561,€142895.24
6324f0d8-5cb0-41de-81c1-aefe84a1acb4,NL12013709201572,NL15885217653728,€494904.12
1fe8eb79-96d1-4131-9b95-86eac0fb16fc,NL66008288675236,NL29781843929394,€526739.64
2b7d069e-f282-4a59-bebb-033fcde70b89,NL39144111747089,NL2237645997998,€348168.49
3265f680-a3ef-4f16-9753-c8fbabef4ddb,NL17190237070590,NL81692022814480,€397178.82
10b1f8e2-47e9-416f-8d6d-594ec52b2e5a,NL70629737785728,NL14801043247228,€257719.54
78fd770b-79cf-473a-ae4a-ff824ab9e395,NL47778930022484,NL80701267840726,€170063.71
e6dfa893-61f5-484a-9b28-806c056e445d,NL77441562913828,NL22009844894733,€146002.93
c73052d7-de25-4102-a71a-9d8f020a8d5e,NL92454243349401,NL80106572762303,€322337.40
1a00f330-3e7d-40a4-b750-b379d6c9da86,NL21077622624606,NL66226308861320,€440200.78
64d58996-94c9-44f6-8eeb-aaf2c91a2121,NL99690455422497,NL79547424438218,€729045.68
38a5eba5-924a-4a03-9b83-6cd689c6b21c,NL52634426438436,NL60717979657910,€418410.17
845a0271-c797-46cb-823c-3d50e7695c2b,NL97189669164982,NL15497417491412,€282713.72
80679778-9031-404c-8245-7b9f692205bb,NL18030248768969,NL61294098921282,€576432.56
86988f5a-14ec-47ea-8fb0-56162cea6c3d,NL77716531087970,NL7792427916753,€444087.57
1f82d25c-d43c-4b0b-bfb3-3386abf74620,NL92101341206248,NL33675665454396,€862371.23
f15b9804-2017-4b3c-8bcb-b40c23f78163,NL10577867494259,NL40110921054683,€451017.56
02c8fe01-ce17-460e-aa34-0992b2791da8,NL76806681190296,NL10639453327060,€540176.78
369f3219-3f83-4cd8-8fe0-a063140b6591,NL81747459947038,NL67401024796443,€68507.80
8cb63ed1-0a29-43dd-935b-5e7175b96e2e,NL51010569384226,NL46935917937141,€90448.97
ab1a7539-078e-49b5-b5a5-4d24e95c96a7,NL23120898825264,NL22118343601743,€596569.69
8bbde5bb-9683-401d-8835-717a638b1bd3,NL44262090261597,NL64165477280838,€202294.60
6204bf8b-942b-445a-adf3-d2d6a9e73f7c,NL14523477068496,NL96743877791458,€949695.88
e4721b20-8eb4-4593-8ca1-1ce4ac055ebc,NL17742813328622,NL37546630766478,€71848.45
14779fff-0435-4c4f-ae36-2482487efc6a,NL61109316098221,NL52125281205986,€366182.38
fb18c6ec-7d8f-4e09-884c-6d5c6177b1e8,NL53541584653341,NL98460308522808,€700208.18
119a756a-43b5-4b7f-9f21-72f8ceebf3b7,NL5034388948419,NL36349855114338,€411833.67
5d742178-a6a3-449b-9409-51fe5bbe3e57,NL73967590226045,NL79537263749032,€592845.63
bc2d4b3a-0dc4-4fdf-abd6-51bf6886f9a3,NL5718427142998,NL68120524343359,€752812.88
cc4d2358-f09d-4915-9c56-b5da15bb3700,NL19074257647159,NL24741809200162,€86656.63
77baf86e-08f7-4ec4-83a5-0295f053b7ed,NL76371511621531,NL21816748622830,€262289.74
6f83be22-5160-4bf1-8845-bda47dba0149,NL68329049734868,NL34907700138563,€441742.60
9565a92b-fa0f-4e16-82f4-85631d2e3c8e,NL14267220704867,NL54207806534954,€549984.81
58e85cea-74e9-485c-a26d-10ec47102d34,NL18631772954896,NL89187862135843,€463560.90
08afd992-6d78-4c3c-864b-d0a61dc67f28,NL7382326937564,NL25770477808624,€904429.36
d7379a4c-ad1d-478b-b3d7-61777187460f,NL2378672771835,NL10894078514811,€114517.66
5274022c-187f-4511-8f71-576aad77d890,NL48658191184426,NL27953955875833,€424939.99
fc74f39c-f7a2-4a9e-944e-73df1806bfc9,NL48149538412261,NL18497209834011,€3243.07
8e78d9d0-1080-4756-b017-21d022b55e61,NL13880179524188,NL8089522337442,€897093.81
0b414cfb-3049-4dec-a2bd-a7fd4a553aa0,NL39368165409115,NL46919904768799,€927034.38
0d2a59d5-bf31-49a4-99b1-9c4defef3805,NL55402180038759,NL18305254874584,€327103.54
0de92a61-4eeb-4650-b9f1-26bf308b69ff,NL40783971934832,NL66342339721368,€211794.37
4c2bdac0-54c8-4631-88a8-a3a0f25bae77,NL97629567857307,NL49716363935490,€143885.50
58f490a3-0d84-4524-a616-f42cc08e44cd,NL17290205390121,NL89557950416355,€932069.67
c9d45d3a-2d13-4dc3-8d8b-390fc6ced80e,NL79744973828591,NL95465564484093,€69338.05
390e26fe-2e2d-45e5-a3a7-4db9db2379c6,NL56219050259831,NL33105915245701,€686867.80
3472eea9-28c7-45be-8ec2-cabe65d19866,NL86254672353924,NL43676734835188,€97227.05
90b5f399-9ac6-4df2-980e-b7d4ab0e2f31,NL65857486453166,NL39056715772664,€232476.87
8eb62213-be00-46fa-939f-a548a8311274,NL87658534895548,NL48827525868841,€932989.71
3b21fa68-2833-4cfd-a1b4-7cd69f73b104,NL1980492827209,NL67715653051593,€324683.22
8a2309b9-48b0-4341-be31-b1770981c7ce,NL42656591065815,NL92728665472899,€68381.55
a3a36980-13dc-4b45-9f04-1097793d1538,NL93956185201508,NL72340370648063,€836147.44
2eed7c79-0b53-4194-975b-d55533bd6e41,NL70902149539266,NL40347495563220,€948268.15
322a523b-1e07-409c-90b9-6dca2611c0b9,NL36709778265606,NL43668489414436,€489342.49
fb43357b-87b0-4ddc-a9bf-fc323cf89b23,NL61029993621530,NL11782126270569,€120962.00
a1bf0e28-be85-45ce-9f7f-beb6b48babf9,NL62935666194738,NL99316022217839,€252772.05
53062d7f-0044-4057-a15b-3e3ebb6f4f6b,NL8453724989456,NL24300361839090,€504744.53
ec267934-3492-4478-9ee3-3e96ff6ee1e4,NL33295405123917,NL48090160204168,€235602.50
6c1a1be8-f48d-4a0c-badb-5e53f35a85d3,NL83805813109048,NL31424293783590,€91519.22
1017e506-92fc-4920-8040-7b95748af024,NL51783280018728,NL39027502163186,€26824.82
b193a76a-4c0a-4130-b1ff-b4838fb21e2f,NL56619251222450,NL27786363088814,€708091.30
ac85a982-944f-4dd3-b9b9-c2e3c3d6e1eb,NL52000188501672,NL22076192666211,€730348.38
94f4d954-74fd-4ca5-9b3e-b4f0a99dbdd6,NL96972581393661,NL36748543339466,€68787.71
2070c43c-f94b-4966-aaaf-a9b8e606f77f,NL82323124111570,NL46986902570671,€883903.00
330ec58c-f80b-4f7e-91a5-3e76bd49e020,NL66670490022827,NL69521363995713,€12354.08
25deaaed-5b57-47ed-b50b-40e7418f91ac,NL45904750887519,NL51988960702174,€643493.27
3124b2c2-d589-41ad-9225-954cadef7c5a,NL55059897500147,NL95081591367226,€144900.96
80335e53-0791-4b4c-991e-6fdc9702b91e,NL89180045907120,NL8354990722486,€233404.29
eca89a67-8a8f-4303-9217-79098615fe55,NL13571632980766,NL21352832857587,€403360.84
ca85532b-7d0e-47b8-acd8-79ee3212e96e,NL54283219108511,NL27082204953730,€80948.36
c48dd3bf-b731-4e04-9ca3-497948d2228b,NL47027408128133,NL40521777206909,€782959.31
543d7e73-8691-4562-ba90-7b89576df440,NL80629651704076,NL90320885054789,€930185.81
a37c32bc-f7fa-4a2a-b6cf-22feb1cdf8c5,NL59030571320669,NL7183548233654,€100696.94
285b3bc9-eae4-4ddd-9cfa-5282dc539aaa,NL51005288278395,NL86220644097059,€917283.22
1f255a3f-10b9-41fb-95db-a33fa6de378b,NL47860074811088,NL45464733080824,€543455.76
19391e30-c9fd-4863-baa4-e0aa51965f00,NL33863604729646,NL7939193385310,€27826.31
e6bcec83-5f08-4521-bedc-e8252fd41f81,NL92223354130944,NL54974472830190,€803194.45
35446614-14bb-41d9-aeb6-adf4e8b281e8,NL56015590322169,NL4850150838177,€287351.38
9ada5229-b54c-416a-a382-cadfab9b4a75,NL76675900573108,NL21329485101924,€966857.84
044fef91-5936-4583-a131-0b6e4ca62b79,NL28127550381158,NL48034467924246,€491934.19
083db937-f3a3-4a57-9e90-e02df387b272,NL17824427716285,NL86107215188989,€361133.84
39a0a912-d368-4713-8f0e-2f4789bdab9a,NL55193069288909,NL83270308495138,€58524.89
a144f8d5-7493-4a13-8375-251fda39af1e,NL91935003072886,NL2887539495173,€536077.65
46b8e041-9b37-4ba4-9fb9-ebf3cf75f66b,NL24341992252589,NL43848917382509,€758108.67
7fd1caeb-1347-4718-b046-2b2c673cfc8e,NL6836266405104,NL38231860552358,€352968.44
3e7fe836-03c6-4ec8-8511-098d8247acfa,NL19178201376136,NL60247511515969,€725743.84
d74ad197-5a4b-4d06-ba9e-49bfe8df5f75,NL88556030761534,NL54715441706180,€440076.07
5c3b73e1-e178-47d4-9711-820ac53a8639,NL83686371921507,NL75432678629975,€272765.86
ce4d0bec-bfdd-4ab6-8acc-dbe1ad584815,NL24913419920983,NL21894474946133,€554030.95
6f9bfd0e-4dd5-49dc-af8d-bab2290bdee9,NL56167206200259,NL91432160445874,€434789.53
9db8aa6f-a16b-44c3-a034-fe650c4a50ed,NL69920196631822,NL77132342350426,€611912.53
39f442ad-49a1-45f8-86b9-1c3a306901d8,NL6168276938073,NL34782428124708,€596136.02
ae8363dc-a6bc-43c7-9330-697030415b51,NL22087382239009,NL63604863849597,€83121.06
3be0d3ab-841a-4f91-86ec-52973105c31f,NL90009814753096,NL27954540598519,€478282.04
dd14cb72-aab2-4618-8a3d-0ef2babff114,NL22873000747217,NL73625644949139,€475096.17
8cfe066e-fdf1-4c0d-9d3c-2e449ecab90a,NL66582793303216,NL63995742429543,€408543.65
fc80701c-004b-4705-8ec9-ce5bb514096c,NL32620668635371,NL91576080587170,€664987.02
d646cdbd-0cf5-4db7-b53f-9639f5a9eb6e,NL25367178843801,NL77640959841720,€320574.67
2f79aee8-c00a-482a-9983-1f827341fdd6,NL56622869329072,NL70755744857397,€982350.99
1d288513-b2ed-40fb-99eb-0b0a051430fb,NL96130866194429,NL33949509128128,€37632.27
702ea961-1938-4d3b-a45a-127c4e1f06d8,NL38132487851053,NL98291963255118,€787227.34
3d8c4287-3f8f-471a-b8e1-7a90d92afbc3,NL70746067629056,NL51240525633867,€39481.33
f1c0aa34-8fd5-4ca4-aaf8-2d27572ec773,NL46666297384431,NL92264787069015,€551790.91
8b228425-8882-4eb0-a3b0-9131eaf2b13d,NL85087049419360,NL31378214590245,€403896.02
93ab4e9e-11ad-426a-b81a-bf362ee973dc,NL27486875253435,NL46186106747397,€41254.47
3e879f46-1149-4fa9-99f1-77e0385d4d87,NL85967230519695,NL18970767664511,€924666.78
e85037a7-f8fe-41b1-b360-207e565fb4f5,NL68505096076805,NL83366955468519,€900641.41
73ef3637-4573-4d51-93eb-311707daca74,NL43404254098729,NL85471699400822,€393462.96
7314ae8d-4ba6-4128-a977-ddf963660262,NL56919845508498,NL89935823404728,€162175.47
f981abda-437a-47c5-acba-a015e65120cc,NL54316244406352,NL90842939929231,€512876.89
13ef5843-3dc5-45b1-ad17-91115d6a479f,NL25284555359354,NL94335743693274,€89016.55
fad149d1-a3ba-4e95-88a0-f85297f70dd6,NL72935322418407,NL49397116867686,€608040.75
37f271d1-6722-414c-a57d-2b71dc1ca91c,NL91459327413522,NL63181785765918,€56182.34
c8ac15e8-3a6c-4adb-89a1-f7ae0d025348,NL85376773496072,NL254161299900,€348069.28
334119df-5ab4-4215-baaf-5f52ba25abba,NL50069288001958,NL54409018767267,€971823.09
2003c2cd-6e46-4d95-bef9-e83c3c64b647,NL12924935095102,NL92455893521022,€273553.71
ed052532-9c85-46dc-b1e3-59a4dfe740f7,NL16079653534250,NL65316151116645,€586350.19
375332e4-1d92-4ae2-84fa-2bca9f47bec2,NL78248585917722,NL44016019606736,€793091.43
75d7c820-6812-44b0-a1b6-8dbf7f88954c,NL59711020187182,NL22732370855845,€164105.38
709be3fb-d522-4396-a4c8-b5f16261100d,NL44399699487424,NL14453988579799,€364123.08
df28d423-07a5-4e2f-a404-616792d08851,NL42039566034577,NL1261613000442,€136449.89
f0ae8ac6-8b6d-4b52-8513-6988f9828710,NL65349327451222,NL1111385786314,€101370.91
caf6db29-dfb9-4da8-be69-8eafd864c12c,NL13940468128939,NL41820157490409,€935168.87
69488657-4c10-4ab9-9332-2e17ed8b218a,NL2077529875843,NL38722293735816,€439454.29
01cf0eb7-ebf0-4c9d-8e94-f3d7cc50951e,NL41564261182672,NL98044464179220,€390601.06
d78e51fd-be3f-40b1-bea0-3c5882d0754c,NL72016928858772,NL78303592309923,€55313.88
30782551-d0b0-49fd-9c17-0335836d10fc,NL95551511663016,NL89030548569586,€990629.66
f072e5c7-ee59-427f-91be-21fb8ceebd49,NL14917477890977,NL6146497153953,€98472.28
a715a2a2-4afe-4526-bcff-529b1d9613d1,NL92533446924783,NL21231531128316,€343164.89
fa9d6051-15d1-4d87-a7de-900b46234887,NL79338873178665,NL52407837549552,€228062.94
58e0895c-6bd0-4ad3-87bc-d10548236571,NL65481374224295,NL42276069799002,€424164.90
480d57bb-2acb-4758-b5cd-bee1391276ef,NL58279605102203,NL27902230984820,€407137.27
09e3ab59-39ff-4d44-b277-066e9d8e8497,NL24551546651429,NL99713559566984,€281769.11
725079eb-2a17-4717-879a-462a57d66d7f,NL25181769118440,NL43496600753209,€706532.60
451571fb-7e1c-40aa-8a3a-d852cf92453e,NL47798097004338,NL36443955018379,€867839.59
f563f86d-3239-406e-b812-8142fba23b20,NL10670996422934,NL28543626029945,€283319.99
ae84755b-0502-4c78-a717-d361b311a930,NL50332625398930,NL8327545887048,€283849.71
071228e1-4a83-4b1e-a9dc-fe49e528e0be,NL49462431270769,NL87995432160887,€169062.70
ab652424-827c-4d32-9642-fdd3aa0d691b,NL97412829828941,NL33157065423637,€275917.52
a5e89553-4725-4f23-aa98-0b040072e8f9,NL19828620800961,NL15863842959517,€134545.18
5328936d-931d-4ac1-98ec-698d4158b835,NL99437863924337,NL55159518356869,€973973.25
f2b570b7-bf3e-40aa-b617-dc427a774b1e,NL20479874256928,NL42526602103153,€19992.49
7a612255-87c7-4aee-9391-66e15d3fd3aa,NL40099014762246,NL23894598647434,€931684.83
d1ed8910-e2fe-4009-8a55-a111ea9a1172,NL94767949395289,NL47547017678567,€690483.89
e24a843a-0fcd-4dae-8d1f-9d25c8c4733a,NL55345506656194,NL10937402736093,€494575.32
4faad0be-4eb7-47a8-aa5b-d368f37615e5,NL65685224103047,NL75898208873900,€398041.94
a892ed0c-f069-49f1-a267-3a43e705402d,NL81228891596006,NL21995526988045,€733989.65
c641117c-ca26-4579-afe3-efdf530bbdd4,NL21285013964756,NL1743768812284,€777185.36
d7ca40bc-ab00-4bf5-bd95-d665deb6c1c4,NL48592697640084,NL75844441669115,€947317.44
c7eb9262-817c-4a9d-8d78-b204eedf362d,NL5114692496016,NL35824913616916,€441127.33
18ee716d-23fd-4867-9c04-7e788e6e9497,NL20506431605718,NL82204389740194,€631799.65
d0f15785-9e37-4297-bfd6-8051f6d1282f,NL11279239389088,NL42634807804963,€898834.50
f3217922-f565-4a96-b525-820fcd13c5a3,NL17000127896069,NL80851085689974,€264322.48
95f03455-752e-4e84-926d-66a9e03f9c44,NL2564277683866,NL14571036648755,€642242.44
d05eea75-d59a-47b5-9eca-6c3edde0f722,NL72284499188765,NL24605088986412,€486283.15
9a0b08ec-59fe-4f3e-ad29-028f34314d95,NL83126085241586,NL76726962637068,€180185.37
2e02953d-81d0-4817-ad3f-799b30a1be3c,NL623175286214,NL68435674952489,€903416.48
e3b48b56-8397-46a6-8b07-aef4dee91a0d,NL32887615727028,NL85642685698112,€12696.89
3e8243b9-7954-4438-970e-5b897f3d5842,NL11557109909023,NL87539222223757,€275139.38
ccc972a5-ad18-4165-9909-90ef1bcd434e,NL68784843498733,NL16870824820196,€29168.23
7292f3e2-02cf-4d0e-bd5f-10ed62c5f431,NL47360083789944,NL48403380852108,€601304.00
7669c4f6-2a16-4be3-9338-1bf7753a03f3,NL22029091074192,NL44817836699241,€703571.71
00fd6866-9d63-49fa-8855-f92e4c18d5ec,NL81663395567794,NL93057998898751,€825492.28
b8ab31d6-73d4-4158-8dc1-834a88d41642,NL9332892018761,NL75828207204149,€961885.67
f080c8de-1be0-40eb-9ad5-02163ae4f019,NL89816289606381,NL92176191621207,€800890.33
d411f14d-45cb-4a1d-8071-a1d9bb6f1b81,NL79369198148899,NL15965761341382,€549923.59
69a99824-b43c-4de5-a5f9-53627414ec4b,NL49726268182090,NL62185887412509,€74068.73
d51ac0da-f24f-4ea7-8139-9e7f9c4c302b,NL64182549384087,NL11893318617209,€742558.25
f2cc9d69-35ab-4e59-b17f-6e4233db1847,NL20098483280254,NL60992721071841,€297530.76
53de59ab-b333-483a-8c5f-a7c93b37f689,NL97342503366312,NL74311106645040,€762594.90
946ab015-9850-4eab-aef8-11f657a78e02,NL6852703080573,NL45525444168352,€626601.16
6da76743-7fac-4c67-b780-8671d290ffaf,NL57438175438516,NL37367577397719,€659414.21
5e7759b5-a827-4f71-aec2-3cc95be41c52,NL84853040903099,NL85929589326445,€634537.92
653d260c-6a09-4310-856c-82584490d22d,NL8523982454754,NL79035855141810,€674264.25
d12bc378-a01c-478b-afe2-79322732ac8a,NL46208536022547,NL65848139983080,€319634.11
87c146dc-38e4-46dc-8f1e-b68def0833ef,NL7240190373628,NL8793573172644,€710003.44
258b88ce-1e90-402d-ab30-e6bd5aa75955,NL74589453935731,NL92631871810151,€649820.78
53099af4-8e24-4203-807c-b06e2e4aeb42,NL12777370825009,NL94152005963709,€419620.45
398ce2aa-3328-4da0-a073-1918fcc453c8,NL92477211184792,NL10672069557381,€935798.12
7a7d9dfe-b539-4d37-8edb-60a7a07fda04,NL52226068782151,NL51596719604379,€792659.55
dbd83b56-9ce8-4c1f-b2ed-5e3c997364dc,NL86898445650638,NL25739328060511,€1532.37
0fa4cab9-86a7-4f17-a931-742014806810,NL4820428005092,NL17838542776043,€166094.84
7b8d5cc8-327f-4072-b4cb-08a6e72f7697,NL12051380861134,NL8479144389641,€75929.70
b33ba39a-4843-42a0-93d8-24bbd5c1a72f,NL13415131445716,NL63072305272795,€453701.94
f4770110-617a-424c-bde1-11d393873ebf,NL87058272133377,NL8468062552190,€384435.00
3129455e-8736-4687-bbcd-978667bf6649,NL31019803029506,NL53099101255570,€555229.20
a2cda62b-5ae3-4b44-b223-5e8c5a00f9c1,NL79577968481247,NL97456930403281,€732448.07
7e144ecc-e3b9-4bb1-a1a5-8994a27fc893,NL83251236193208,NL92516055142847,€17476.27
52fdc68e-3c89-4b18-959e-68be32633439,NL26886872440032,NL32379556536885,€57749.61
3ef678fc-4d9b-4024-bef8-52ba144490c9,NL82819231142328,NL53742307764015,€917541.32
5d42fbc6-7459-4547-bf48-a6a668ef4663,NL68623390848851,NL1328669723424,€285871.40
4e8c8ed5-1768-42e8-a8c3-64548ca0f5d1,NL1540811974900,NL72141449276863,€397745.28
15b481ff-f840-41f7-bfd4-7dc2fc728208,NL48369408875325,NL38779973837398,€136567.26
60323cdd-125e-43d1-a265-05403eb1bb13,NL95983736730168,NL69763984869120,€203136.28
644a5691-e3e9-4b71-93d5-9a12d7ee35ad,NL54694882644499,NL70000375031366,€181531.92
1d78d65c-0cab-4759-9b73-dba8813dd84d,NL4223219830841,NL21265389920253,€624260.76
303f0d3b-4ce2-4702-90f3-b209c6b94a3a,NL18074030999017,NL87903656179606,€108732.43
aa9f44a8-7053-44f6-b20e-ba7c2de45fd7,NL11738771294816,NL3664538954254,€960241.69
61ef1752-a65e-4908-a954-d68d909eac13,NL49369187125560,NL33179615544459,€663389.71
2d967432-d099-4fdb-8392-ef352a2ef7fa,NL55886743947645,NL54403612098218,€760535.04
cedd2f51-4ff6-43ad-9ed2-5c23715bfc94,NL47855025866858,NL64881166729508,€589625.18
00134f56-daac-4235-ae64-c8ce602c8c7b,NL12374563782284,NL90767432067447,€471299.60
94455f5b-efb2-4f7c-8e47-431e9a51204f,NL51651335412406,NL86703227477624,€544630.27
6ad3f8a8-688e-4d2a-a148-0acad27009c6,NL88556085313660,NL75968889204675,€10742.18
dd2e42f7-bbe6-477d-b181-2ee6e2ec777c,NL82119223054824,NL6612556065378,€704691.32
93add1b4-1b6f-4cb9-92fc-fbfa45b64d1b,NL19056180905517,NL8048553760538,€301389.09
aace65e3-fd4f-49fc-bbaa-addbaa2e27c3,NL52415941119442,NL82395333535214,€747469.01
1d40bcfb-08c2-4d09-9535-452399b6b5da,NL89378154569668,NL72674409731809,€135439.04
de693ad8-f21d-4ab4-b922-81a3fc1602a1,NL51640848121571,NL500634787144,€590352.37
487521fa-cc7e-496d-97cf-bf92b6352ad3,NL44155246589933,NL75468827820553,€30437.82
0e816829-e7f3-4d0c-9d1d-18a9e260cca6,NL79617790043464,NL68169477865206,€235083.57
9fd707f0-28a1-4ca4-bf18-6cab7e08e927,NL14166388688604,NL25610762755967,€991849.41
733a835a-814d-493c-95e9-c309b3f3ef1f,NL26752985813359,NL80088171004550,€646981.01
252b88a5-c042-4a95-a582-221a4bcc2155,NL8971264025414,NL27981612795719,€243508.16
d4f42f10-334e-4eff-9944-6ccfa55f63f4,NL41073349288356,NL8652599816180,€529017.55
53521d67-b98d-499f-8917-5d65847d3fa6,NL64684489795190,NL53683763380027,€859886.05
eefb37ba-acac-444c-97d5-acd6f1dd5416,NL42964268146868,NL4133140100116,€676157.83
9754b59d-6242-4b85-ae81-7d4510a93a0f,NL9582854024502,NL51609419473782,€403583.73
9d53299d-205e-4a37-b4c3-5e27ce5c5973,NL21497966947646,NL7117610017870,€733767.05
0e776195-6873-44b9-8681-8c01697c0a13,NL15765702034396,NL76947720831265,€904477.27
499fde65-0060-42b0-85e1-943290c3ff43,NL47651455025745,NL26322491593972,€664574.41
b52fc47f-8bf4-413c-9a0a-3bdb4bed4985,NL82093068438708,NL63384814699769,€958595.26
8cda4974-8533-49a7-aeaa-290e07918e2d,NL73111490797022,NL20162751043198,€510694.22
9497aaf1-7c93-4821-bff2-b9d3033310e1,NL56521991058606,NL17310198728542,€645450.22
89c3a995-d716-4783-89bf-261d216e6900,NL89783093786989,NL89842766644694,€248808.24
207d943e-2f01-487b-8807-cda25c352f91,NL47517137646478,NL97887294553785,€423020.10
5f226e2b-e49b-45a1-8dbd-295f5f5892fe,NL33474285232719,NL90519906595222,€379323.67
89ab70b4-80c7-4f93-92f0-4b344a3cbb50,NL80778413955824,NL61516231140494,€746048.90
93af17f2-7463-4f17-a211-0cb9d22de573,NL64914103000991,NL64209491274969,€593239.46
4dcac5a6-af6e-4f5e-b599-24b6abf4b826,NL99662302600390,NL42744435634337,€230663.56
be7f76d5-7ed3-4a01-a55e-759c28a58537,NL98723208938449,NL539958095445,€367948.79
cfc7799d-6fef-4f62-80e7-2fb264a08f0d,NL45602715575535,NL31466986649799,€713669.10
56087c63-67c0-4f59-814c-922ce190d879,NL47964155795293,NL25819177272776,€894889.16
114c52fe-42cd-4afb-aef0-98ebdd038b4c,NL96501874917029,NL25000450636019,€522259.08
f0bccca0-d43e-460b-944e-e2783f267479,NL3694004233638,NL6244339852648,€758375.65
5191951a-dd2e-40bb-81c2-b19e74fc288d,NL12018158797373,NL70069966432014,€131778.92
6cf77a97-07c9-48b5-b319-ede66f7beb58,NL53033246273881,NL58838676238348,€520940.54
3b5f0e76-7839-4c6e-aadf-29bcea8a3fdd,NL65214746945096,NL62463361477190,€523508.87
4c773bfa-7f15-4024-8d59-5e64c4961f13,NL25780633072581,NL47532026640011,€945823.30
e994c98a-3b5c-4d3b-a828-db575f3077fc,NL29843612768684,NL23672249945830,€651177.32
2115c291-34ff-44a6-a0af-e165f36c22a2,NL56185771645680,NL91899325327903,€271357.08
54d6b98c-39d6-47bb-b81d-a0e7f6b1d08f,NL9600295869574,NL68255290648381,€70724.80
b9fdd28a-899d-4a5c-84b2-43c3521ca0ed,NL40410842520040,NL1683856220659,€627166.60
d783e931-1db1-46da-9152-8992806b65de,NL61297688811326,NL69266427961832,€4329.10
2690265e-a699-409a-b885-28ea97c1618e,NL27165548569324,NL33994699961498,€349367.26
8c328775-e848-4d86-80f2-6a3ca8fa3cb3,NL92957848880224,NL50725528444138,€390348.80
ae98dc74-31c8-452d-b961-ee9339a4e820,NL91961337176323,NL31579650245442,€601382.80
aaa9e98c-c362-4f38-84fa-7bd5dac1a420,NL85009484676958,NL9926464222335,€133826.77
43b04413-bcfc-4594-988c-dad0aeceb976,NL13403004916624,NL23479236218681,€973271.45
85e8e910-68a6-4f07-aa65-0f9ede7b7686,NL30208666477350,NL3622541153134,€728258.38
0b68f140-d537-480f-8e37-805cf19b4c7d,NL22743310597676,NL97261322830947,€432410.33
4db45c38-0798-42a2-bf8a-fc70bceebe59,NL79822803390364,NL53430198367922,€94761.85
81fe7ce8-c0cd-4dc2-b5a5-a79e75172caa,NL27767300496927,NL27148131622892,€96325.67
fc4e3c55-ee0b-4295-93a6-e35b41d263c6,NL60763813223808,NL97859347471151,€312972.61
48f1b031-88b6-494f-ad3b-b293f81d14f2,NL9101986913611,NL9940272046748,€922146.24
2c42f815-70cf-4b8e-bfbb-b6e50868b77c,NL71472300561299,NL24487647519085,€525679.26
ee15517f-4ec5-4a47-a26f-74c5e590fa9f,NL88095293891922,NL91393502529459,€553246.81
cca2bfc6-3c62-4609-a36e-073f41dbdadc,NL68621700046867,NL47540999568377,€325148.10
af5338d0-3347-44a8-9b6d-f059584d5c8a,NL30907063261126,NL18674502836236,€713306.07
5da9f2da-265b-4f38-89eb-477d09ed9bcc,NL37735025325536,NL41912870315019,€830939.78
aea6f452-fbf1-4954-8982-118fbe1ccf94,NL51968635680491,NL35576339771813,€533642.49
59ee4d5e-30be-43e7-89d1-949adf1459a4,NL19001088528720,NL25965770837850,€967535.59
f95d5ea9-52ab-4393-a57e-26dd346d6982,NL69233239179908,NL56046656217103,€492141.31
0fcfda8a-2a6b-4875-813b-bed47b4262e5,NL11650659752653,NL13972238737712,€564704.62
210353c1-7e48-4581-91ee-d6801cc6f549,NL36557434848930,NL50291542238515,€32307.48
c80223ee-3fd5-4478-9e16-5875abc890c5,NL89080723551765,NL1501596251916,€901171.70
cb00a26d-8764-4783-8929-d95c87c5d0f7,NL72104535190241,NL39289929635405,€848878.04
8606c896-3ced-4365-9a6d-54ae19583dd4,NL70157157307182,NL64465116447953,€716878.89
1ac630ab-3df8-406d-828a-81a1d2653d84,NL82393274972381,NL82250460551561,€671744.02
af79a335-d3a3-4ae3-ad2f-22d9577b6b8f,NL17981945505093,NL1517562411090,€928249.92
501baa77-2968-40ad-8599-d00f9ca9f6f1,NL15074126421721,NL9390885038123,€381023.64
dfa3171b-465f-413c-a91c-a1d2298f3297,NL38569732548458,NL32991242348117,€751227.79
5581026f-3115-4ea6-9694-de492f2feaa6,NL51395116938125,NL78180101863068,€490036.84
4fcdc018-23d4-42d6-bc1d-73d95a5b14f1,NL93424322118605,NL17131943940468,€623887.07
1fec07c0-36b1-4c0a-90c6-4d4761c82b5d,NL91871309099438,NL99242284946881,€563142.76
198d0330-24b1-4478-a468-1ffe336ea79b,NL29980053689420,NL98223258664697,€391656.80
b48d1e22-f2de-43cd-80db-d5c7389ac336,NL27537364439080,NL31089839184140,€884795.98
3f210b4e-b0d5-4334-b7d6-219f5d066a15,NL26173503796088,NL97823841430168,€125821.71
40aec127-ef92-4619-bf05-690b1387a7de,NL49313667079882,NL19472130232040,€362332.24
f42b5c74-3238-412c-8a8d-9764fed640d8,NL58295909938934,NL62803654257286,€485267.82
8c3c289a-0643-405d-9898-8a95484108c3,NL64200280843691,NL50516297011672,€496106.23
2784f21e-d5a5-4458-9921-3dae5ffe9373,NL43632965722003,NL7837852033916,€572838.63
1ee8d5f6-c251-4eae-ad00-7fb02360ad6c,NL33548530814297,NL12627796522469,€693096.95
8069b4b6-f02d-4ebe-a160-9b1e062b511a,NL24639482586350,NL18783617701283,€396307.93
33b8bee7-4f73-4263-9eb8-899844731408,NL46850332430357,NL43098099194163,€959774.02
ff8a5916-5e80-4ac1-8130-c974ceac8900,NL41800344000681,NL61086980667393,€564154.63
3ca0f23d-88cf-4982-a4c0-dad8197265a0,NL7410888116552,NL64282616917320,€948735.44
4f38abb8-fcb9-4ab8-87d3-75fce5122463,NL53467256479373,NL99157127090098,€585329.14
ce8b33f0-4caf-45ed-837e-ecb8e1e17966,NL43441626140738,NL66075825143828,€170064.97
19d4280e-fbc2-487f-8fc8-4773aa12b365,NL6540908326820,NL47721647034149,€78509.13
97496b7d-d6a3-47a4-9be3-f1efa3ea1a4f,NL77286547533431,NL57717414207073,€517587.31
e5a95360-9acd-46a4-ab4d-e14610083d05,NL79676102387743,NL44041568564469,€394627.10
0c453fc4-aa84-491f-b6ae-b96b22c31a39,NL97690950043898,NL82808115098637,€38935.39
8d40a0ab-c896-41b2-9f2a-b32ce1df3dc3,NL36394210058500,NL68550388017980,€296914.12
045aded0-cc0b-4e1e-aee9-7e17b248c821,NL63932685056659,NL25172881213197,€711643.10
520f000d-2e18-4bb2-97cc-05a10ee87208,NL65799751101857,NL3876471803124,€833397.60
d99b3b83-30e6-4adc-92d3-c89f76a2d087,NL99185444526397,NL16740197584601,€81229.95
5af7647b-1924-47f2-9e90-44600c97f8b4,NL84493851739458,NL1335129838958,€554192.06
b9606711-a5f1-4c4c-9623-3cadf5247104,NL11406704860436,NL21098701146782,€561773.15
5f8c1516-648b-4b52-8743-e60422465deb,NL85949559974975,NL39709649635588,€446319.82
9e07f34d-a1a5-4b59-a94c-6dc23ca9b233,NL43868898165426,NL52412966521104,€88748.77
84735598-d610-4d44-be62-3925011904ea,NL61525924038337,NL28101565454519,€912936.85
8dbe3f07-92e2-48bc-85f2-8a939f2bbccc,NL12375228888813,NL56991553988341,€759295.90
680b77df-2e4f-46e5-84bf-3594fa04ebad,NL11933517973034,NL2977278180819,€76143.55
309982d4-b9d8-488e-b52b-6edaaee9fb06,NL89671787936925,NL70641850647604,€114486.33
0c67e14d-7c9b-4e08-ac3d-fc0b910bb9e7,NL14391120147914,NL37703815448518,€722198.20
81a5121c-f62f-4e6b-b438-f80a448ecf18,NL94843597394550,NL19483939483610,€514121.59
fdfdd08f-d780-4a87-926a-2d1f1a8808c1,NL29702208811260,NL5751878443423,€250280.52
5884537d-9c1a-455d-a8d5-6ded89975475,NL20804826494395,NL87976252642494,€653064.79
89352fb6-443c-4b5b-86df-51056e5e8009,NL58797354855428,NL19106899698939,€168319.85
d1d08e4e-0520-4f1b-93c3-1b999d8ad555,NL8615247318707,NL60568305481228,€714053.81
b04d0eb1-40a8-4edf-923a-2d76310a9838,NL34343814779467,NL20341961139826,€349969.23
c3dae154-4386-4068-a2e6-1450c1812ef4,NL53782959995448,NL77664235402742,€771112.54
0acb84d1-fb68-40ca-8d8a-2c424fba3785,NL97775145689951,NL20387458413622,€933779.07
3fe2f3a7-da0c-4981-88d0-f5ed10400948,NL1677836959245,NL42997489349933,€969212.30
c4a6b019-39d9-47a0-aae5-2edf294919f6,NL5859727251938,NL79206016041574,€590972.06
4dc8ced3-c406-493e-9c57-124cc3879d76,NL71381139401978,NL77574162052383,€436390.13
fc10970b-8ae3-40f6-b7cc-2ff23aac8849,NL85897046097632,NL68030695503921,€383354.12
75cdb21f-c40c-4f5f-ab81-a0c70d7141c3,NL68415752543505,NL38437685321125,€446717.85
004fd2ca-caaf-4501-9450-4a3c077574a3,NL58935187146969,NL5570701464425,€382347.93
3a006fd7-a655-40ee-b637-f0043cacf37e,NL81832520181851,NL15015428154097,€942285.30
88863ff3-9e8e-482c-9366-d2b51c2550c8,NL72632697184863,NL59132993141991,€298217.26
01738534-60ca-4fea-bfdf-5463cf607028,NL28559692231998,NL29725069451056,€457315.81
70aa8446-2b67-44fa-ae8f-9a93fafabd90,NL18514195713198,NL11336120272942,€826468.32
79e0b33e-6e48-4aa9-9b17-241e32aea5c7,NL6963515418494,NL33546048765578,€58757.80
76f1597d-96f2-4508-b4c3-962234f14eda,NL8664646702768,NL86490619539725,€434367.42
ff47a6df-57b1-40ec-88bc-7a67af2f8425,NL20050137999954,NL20222375198864,€213287.72
722a531a-b333-4efe-8c35-f946c31b6b1d,NL78290220832941,NL40918901789394,€764849.39
408ab9f2-d4ee-42d6-9bf3-c81f03d9ff08,NL21152704932078,NL91694311737156,€100348.18
3d5990bf-4a8f-40c0-80e9-569d9b934fe3,NL69173916162742,NL49055025781585,€81020.09
386a7294-65a6-41c8-9419-f2db1a56e9cf,NL78121581086022,NL42650351985718,€887427.05
6a055dfc-a38c-436b-be73-0b7870863549,NL8182605586761,NL90881714893302,€267046.74
28c04fc7-46c2-46c9-9a9e-c31b41a7a46a,NL70131692102312,NL84647172708800,€72431.11
74139cbf-830a-44b9-bcb0-70a7e8691c90,NL33970411141139,NL95372650256008,€670356.89
8f481be3-285e-4d29-b2a4-c8db1ccb956d,NL82379950973535,NL52566096740821,€455086.55
617dc315-9967-489d-8695-ec5807e6f104,NL31004198179022,NL52915958811120,€31249.84
8179a917-8337-4f96-901b-e7feb21c27a4,NL88417910589201,NL82753973189481,€243561.49
532e68eb-96a8-4eb3-ba84-d4020dfeb8f1,NL21506254873476,NL90134611533657,€333952.53
76e4873a-b687-4495-b95a-c526107a6d32,NL28593532671915,NL27513366695993,€5728.84
f857a4de-7391-4236-ba23-5bfd1ba123a8,NL77200558264054,NL29869774916291,€584595.38
28ac4ec0-7e43-453b-91f1-2cc3506adb5f,NL98846270458680,NL13090340560317,€750285.47
b58a1c68-522a-4a20-9445-280170a7cce1,NL14890206721004,NL16270974691224,€164141.67
9d80a9df-32d0-44c9-b548-2985ee5ea8b5,NL18799155345219,NL95223116487661,€101555.19
f1eb604c-51b0-402f-8dae-092b918cbb04,NL40796900362308,NL89534764867321,€264777.79
ad3cd284-7502-4c19-8935-d9ace0afa182,NL12417289764706,NL85916815905655,€195736.77
7d6124c1-4ee9-4725-ad34-020d1d39286c,NL73449107278804,NL38394531460222,€187270.54
204366be-5098-43b3-8780-c26cbb2e1ef7,NL96198724377554,NL74142275085666,€684384.35
ff502e6e-0c81-4e75-9996-1b56b59a88d4,NL98959436169749,NL88690958389650,€778239.04
2ec88f0d-ee26-44a6-80fb-864c40d0c231,NL8947626910423,NL80593687071854,€628866.51
4a7bd799-0283-47e0-9111-e2c8c5499736,NL14841053922644,NL98865057430757,€616869.48
9839246b-5a01-44ed-bd3c-3f31a094640c,NL73157257412369,NL22999381358318,€40363.92
01b89caa-7609-47e9-9613-523d6462de6a,NL81074845187350,NL12108962998403,€326020.22
d08e7868-423b-4a63-82b0-6bc9ede8e6e7,NL66173424774125,NL46035772191974,€184232.71
e56470a2-09fb-46e8-8b76-05e8255638e2,NL69502447251314,NL87424879523746,€273792.38
6cd59740-8150-4d40-ace4-e3e77b1920d4,NL11404307188830,NL63814652777206,€406227.26
87c4111c-6154-42fb-882e-0b2be511a638,NL10366086378040,NL48737821253228,€462971.86
35b35025-4d81-4fc7-b7bc-81e826e99a64,NL17590105230445,NL66814290064785,€596251.26
f91abf48-f85c-4210-bc75-0725c82a5b32,NL6630728559636,NL63879659930672,€27582.93
cbb34d66-29a2-4805-a315-53b995084b45,NL60196008239901,NL37732721010817,€400050.02
73c99de1-575d-449c-8af8-51a5ee06dd38,NL12421681027659,NL33198903690234,€105539.16
4b9ad336-f720-4349-91fa-13ce970a1e09,NL99509434362934,NL49174880648261,€335850.16
f5180227-8b88-43e4-a99d-3599099a7c2d,NL89886134086870,NL23264631958973,€157343.62
960f2472-552e-410f-8545-57454aad9f8f,NL9537216100322,NL63118984994048,€756850.78
a800966e-0225-4d4e-95a9-4d6c4530d3a1,NL85240948785001,NL12498193087357,€692935.35
0cd3fdb9-cf9b-4258-82a7-d2b5480be512,NL27121260071721,NL55819277147705,€467662.98
fba59101-5028-4c2f-9b9a-b15e3d0301ad,NL43887776686326,NL65904400667893,€275319.54
2b98a2b3-5725-42b7-a9b4-e040f747cacd,NL90705276682056,NL7503070661393,€28457.07
973394b2-8ed7-45d4-9a6a-f8d3bd406553,NL3475025910308,NL40390081466364,€280602.98
f2397f4a-5afa-42ba-820c-11f72c1fb8af,NL818426503754,NL83501397486998,€779775.00
c1223479-03c1-4b3c-9238-07f867a7d7cc,NL77791602899074,NL96925021825231,€775225.17
94bb4dc3-ebb4-42fa-901a-2606f766265b,NL16363620266346,NL59157299589468,€334230.61
dd3ca10b-11e7-401f-91ad-0fe2e73a2a23,NL51472668899391,NL68356577237493,€352628.29
93c1600e-2c49-460b-99c5-f877684de85c,NL25102587326630,NL68986393686533,€555799.53
8bdd2c49-b704-4c0e-ab63-504c16a89927,NL1530393852756,NL89274548395370,€204280.25
562f9b19-8cd3-43e2-bd5d-adee2c8bebbc,NL4251477884309,NL95756052940068,€51496.42
0d9985c7-6d2f-4989-85f6-9104494ac7e7,NL12563044078055,NL66599508587672,€679493.12
fc58aaae-382e-4dcd-92ca-c024d095a07d,NL32809954988295,NL7186022908199,€12552.40
5e76710a-8c5f-46ff-bdf9-83672ebfd3fa,NL12301314223998,NL12007657175305,€787723.09
f91c9718-373f-433c-be45-90ed9d9bbaca,NL43735363375018,NL97939624892481,€380912.27
99c9c739-c5e4-4a75-8af3-3953679b9dce,NL96538056141894,NL13004542957230,€365455.06
780cc9ba-afb7-4863-867f-1e82fc9e9321,NL40006277881933,NL54165128824618,€17293.99
e8f51593-fd1e-489d-af4c-d3f862ddebb8,NL31419531951725,NL19494057790562,€17229.56
3301682c-62ef-4b0d-bc04-2b01d4d28846,NL110921375948,NL63579066039002,€492051.19
5262827f-699e-4a58-94f9-beac04a9e1f6,NL26566045618724,NL1400689982915,€660827.94
9135d049-a8d3-4112-b5be-f49227a9b3a0,NL15406709448007,NL21663422768126,€975225.93
868e844e-4762-4b00-a156-0db3d03bc157,NL51546506455101,NL4325247013227,€76935.36
f46639a5-fe6a-4a5d-a336-48923f47a9a7,NL2703028618512,NL18814595527946,€668269.06
c37d1638-3535-4410-badb-0ccf84e7e856,NL5607891249253,NL59935950834436,€935781.76
7ebf0e53-6570-4dec-8832-d58f3b97e740,NL91282200647423,NL67736104347326,€846865.28
3f28e0ed-4b3f-4cba-bf7c-543f02392a3d,NL94502543416209,NL69586533362877,€970998.03
dc27bec8-1c64-4b8b-ad72-bc23ca665f43,NL37118555414795,NL70475970348336,€706517.94
6b266951-6fe7-4d54-aef7-28e29f88a4e9,NL30224617287709,NL90209876162797,€627590.88
e55b0eed-6b0a-4290-8aca-f9ed656dd582,NL52671659552436,NL67772409551661,€355618.43
cf889f3b-f0ba-487d-80b5-e8079d376263,NL94131207677510,NL75636956417241,€729219.64
eeba30af-4428-4430-abb1-ed8c8db400db,NL49764918618203,NL43121559043505,€676873.65
6c09976e-16d2-4133-8185-71b3c1c59aa2,NL46799850165168,NL38108042793082,€695481.45
26e6fd1d-a1ef-46fe-83f7-5cc60ae1f792,NL82583121661112,NL24298598034445,€957555.63
46eb104b-2fe8-462e-829a-865bce2ed5d5,NL11243795533948,NL4309509866255,€748755.56
5b676765-1940-4c5e-96d9-626377a8a3e7,NL28849850707431,NL20916226509912,€713004.17
2eac534c-a4a8-423c-9117-fc81544f55ec,NL77692646001255,NL95004644334760,€669304.82
2edbf201-fedb-4491-a946-2db9736d2441,NL73551627111411,NL1598964747608,€208448.41
c7f60ed9-7306-4c84-aeba-87c04c58039a,NL23211940157172,NL65563717514664,€262895.62
6a421dc7-3113-44e7-9403-8801ee37e662,NL89443577676344,NL52410576540019,€693606.58
b3174f48-b858-4d8b-a6a0-30b14e15ac01,NL89050954811070,NL51094344216215,€164400.86
98bb81d9-3255-4652-bf0e-45064c93c647,NL7332558453984,NL26900231607106,€294738.14
c5978363-34c8-417c-ba3b-d5b3b55e7612,NL82672234035167,NL11713254086606,€939363.80
351347ab-f9f3-43ff-92fc-ce3db7c4f594,NL21456423670968,NL98554935065888,€528713.91
56be728d-bf17-4682-abc4-0718d85da850,NL11928239151939,NL23687006689563,€996993.15
e5947e4b-44e1-4a1c-aee8-ee708ef793e4,NL27654000854457,NL30952898947816,€533000.32
c69477ac-d9a8-4867-bda0-c1a39a7db88c,NL54573039511656,NL60894847845719,€344141.61
fa1fd151-956f-40a7-99a6-c872283a392d,NL83767739960380,NL57521588892783,€52448.13
3b847274-25ad-49b7-9246-6ed9a1b39640,NL55837913992447,NL55845780450379,€674655.24
c77c0179-e9a2-4cf8-bd5d-65bfed542e0b,NL47499462875700,NL79563366726848,€991823.03
2ed5c186-8903-42e5-9e9e-4b622645629c,NL41623545818400,NL10396486558471,€992793.35
f44a4276-ac06-4295-b2f4-cab047fb3a39,NL63423197545002,NL70269143295631,€320881.47
54b52573-9622-474c-bfb4-46b3527b6b5d,NL97556320353577,NL90880864024458,€18160.14
dab93324-7571-4f91-8baf-8a563fdf08c1,NL38215916424400,NL40248703366437,€809776.89
57c576c6-70c4-4e54-8f69-bdc0bd516f17,NL80978200966797,NL80233797902999,€754094.14
07147383-cc71-4340-bf39-7b68de3b275a,NL76247279586363,NL10316179443907,€65547.33
eb786fcd-b0d3-4205-9561-4b8300131ed8,NL63467968276971,NL50697050116157,€853194.11
df7870ac-4a09-4269-941d-5c85983d467a,NL1277411756575,NL75642104345516,€551704.07
832cb189-09da-4217-9dc6-531c581777ca,NL56674838780886,NL18159292615227,€8050.18
8388cbad-0e47-43f1-a6b4-a506e1d24f6b,NL41481655527017,NL78602094153569,€617574.23
45e1208e-cdfc-4493-9d86-7e13a3e77097,NL211194748723,NL69029127159377,€846467.07
87dd80f1-e2cd-4f51-8b47-0bf97544b513,NL68793273602325,NL40782627709922,€588359.00
f2cbb8e4-f5d8-4f2b-bfb8-f0a8534d0cfd,NL3487133057247,NL53461880210433,€740468.70
d7367c7f-6207-4705-8e3e-db9aab7df9a7,NL75982737127135,NL32136907474800,€822486.17
d897708d-2d26-4151-8534-e50736eef556,NL878282653127,NL62402697948729,€547658.32
19c9b8da-f20a-4978-ba29-7c21f7d7eae3,NL55395051067666,NL2957612539369,€27961.67
379b5d64-b9f5-457c-9800-b18dd1f847ea,NL79360294909847,NL1100344430773,€791775.90
1fc70888-5bdd-424a-b956-1dad0c147fa6,NL75319247018799,NL89929130423522,€877201.21
de936c29-3da0-41bd-8db1-cea0278748ca,NL67861449531699,NL88500512261974,€480091.00
ff85f9be-3d6f-42e9-b8e2-dabfea1c18c3,NL63278916812725,NL80754903409618,€505039.28
87acf88b-bd6d-47a6-870b-5a98d3ec2fa0,NL92264725777809,NL11971374682853,€333202.54
09ed0694-c926-4dc5-9a81-61550bd3dde0,NL39318815414535,NL84452549135168,€661289.47
7671f995-0e4b-4211-81ba-5865a09034dd,NL40991784072949,NL85733615462336,€445668.05
59edbe6c-c90a-4ccf-aff2-3ad75ae7108c,NL6418287722834,NL44133457654320,€317970.49
fc64560d-9d51-4825-b3d3-527a94b4f013,NL12215776811057,NL68911806625526,€963597.11
c1f4a472-bc24-4907-8c8f-8dbca30e8ac1,NL10120658687480,NL38779858269306,€326095.72
b6294507-84fa-41e1-a467-cd169acc301c,NL88558202338749,NL43463477313241,€889488.62
80e32f63-11d6-462d-8375-411668c80ef0,NL27385359159190,NL47288261728305,€554365.17
1f748fcc-6735-4c7a-aa8c-458d700bcfd6,NL10509584021682,NL98469108988288,€288129.02
932a5fee-0231-4873-9663-88c28c0c49ab,NL64365386085195,NL22302882115512,€780924.32
40364e35-b924-4b32-afeb-f5d680e2de8f,NL31280131446445,NL78928058879245,€287982.24
a7b9ed6b-a2c5-40a4-b2df-169dc50265fa,NL8787708535078,NL14598604288564,€596913.83
5506de91-1ff9-4897-8d94-ee6b4a1c38d7,NL10546217858075,NL14737938898106,€970064.55
6a62f428-0c01-4e3b-979b-03079f5558a1,NL53077006594277,NL59823691370386,€303431.70
a9bb7344-6f4d-48ba-86e4-7905ad77734e,NL58427123490668,NL91831401396562,€182459.18
64d06654-220b-482a-9c24-396bcd2719f5,NL50714560717500,NL82772964657854,€790389.72
23477207-6848-4c8b-ae23-2ffdfb621dcf,NL22618240271178,NL53767351926068,€265737.05
38c6240f-82b0-4a15-ba75-bfd3cba08089,NL14717650104046,NL69824089981514,€728668.97
e5da238b-7953-4f16-9474-3e7d909f28e0,NL532204417519,NL20136929074190,€918713.13
986f929b-932f-4873-8d6d-8497b73fa97d,NL99694215965565,NL41531665212361,€430695.47
700d7f98-b4bf-414f-b967-9b3ba527434e,NL98370116664061,NL74575501961334,€659250.71
70bbd6b3-a56b-4e8f-b788-df0f551336dc,NL93402517569823,NL38273435900322,€453228.84
0b223eb6-9524-42d3-a016-5a3ec68bc887,NL25829696702649,NL35294694919717,€825470.91
ef9e0bd9-cb3e-4858-aae5-6b4657327949,NL6996446954142,NL72904348535501,€696547.73
1f9d0975-b35e-4d36-bdbb-45a2f28eeef7,NL40166653327252,NL78028770989991,€270008.05
af4988b7-5165-4423-a9ab-f6580eeb047e,NL26035348087689,NL52930302265955,€382272.40
dc68aa5d-7323-452e-a0c4-33959c6452df,NL25515668543510,NL14170019628023,€132520.00
a0dde8e0-9804-45d3-b5f8-75e2acbd7c5c,NL36171935694495,NL38862727494971,€403951.46
463d5c14-92b7-4832-a421-aecad4f95945,NL29607979116105,NL41100078348237,€542984.08
a6656d5b-dc20-47ad-8582-9a725a49c439,NL52113129787367,NL85758061155088,€241023.90
b787b49f-1023-43cb-9bb9-83c41db1de1a,NL34117131720789,NL34400263503323,€859703.16
61e9acf2-085c-4b8e-ad90-2560cca7cd5c,NL94025989111695,NL69916768334279,€496463.25
112842b5-2a20-4580-8ac1-44be0f039ec6,NL64106994397214,NL8742129712987,€125959.12
c6756cfe-b2ee-4f29-b996-116d74ebe1b6,NL79030638094544,NL83947742731758,€450515.70
4a2fdf3c-3252-4e1e-b25c-71ad34ed7051,NL79048912689134,NL7040108020930,€879089.83
5efaa8d0-5e8a-4f0f-836f-50f0bce77cd4,NL31165047129177,NL49563286348120,€949612.33
d4c90486-83f5-4c50-8884-32ee9eaea55e,NL7051309802452,NL1504311783501,€88515.98
afe2bc48-3c9a-4770-95c6-8b079313308a,NL78132589979383,NL52601829335233,€727686.75
f0b23565-0b05-4bb8-a165-17bdb43c8ed0,NL37417899204659,NL1120576143527,€440609.63
53bfdd08-7f40-4adc-b4c0-30f57f2fed8b,NL73355769274308,NL34940520468692,€356700.65
c3437f39-1586-483b-ba0e-580eceac893f,NL67596629078701,NL49431920457401,€242377.17
6af7adee-6f50-4b57-ad2e-26d18d60c1f5,NL22948174488009,NL67245174505209,€889705.41
a522bf5a-8ddc-4c63-b9ba-54c00d415b55,NL49357210993882,NL23335442339929,€57049.04
3c6e6ccd-5a36-4d0c-b8db-0078f38087f1,NL6476287081058,NL83502220878582,€863912.32
eabeca3d-a2d7-4905-84f8-18c7fbea3293,NL61811097839555,NL76234860164339,€752247.08
e1a9bc33-20ae-4e89-be9e-223fe90556a5,NL3792727423374,NL18633750055067,€69227.39
ecaa12f6-4ae6-49d8-8a76-a07ab1434c56,NL81762734703197,NL1583295223309,€771648.67
89a3dcb7-6e75-4e52-b63e-f151be835850,NL13447777202955,NL9562715534136,€370504.29
1a19632e-20d8-47ce-a04f-581d5d7afad6,NL98765116249619,NL18321795219550,€199709.70
4ca7fbbd-d95d-4024-b63a-b8617a48324e,NL87429829070422,NL88220146590595,€759115.86
0ca411d3-76ec-4526-9fe0-19300c9d6a8a,NL18612282444460,NL2736370224041,€113491.97
fbb8f5d7-1e3b-4d6c-b066-e956e3973431,NL40886608638384,NL3826642359140,€660429.37
73d5640e-b2c7-4835-a641-263d70eda7ab,NL28911457565466,NL44691938384846,€625537.55
3701b979-3d55-4e35-bf42-9bb16af4720a,NL8069405324713,NL81909010909149,€2242.47
8f6f93fb-d8b6-4bc2-9963-d873e4126b56,NL96477049434350,NL21701545995990,€207258.80
f7f967ef-5fba-4e6a-b0f1-cde5abfb2db4,NL25235448405942,NL54023278937989,€854017.02
1c5052ff-11b8-4b82-836c-62535685d47e,NL97586378935463,NL99014916813766,€242900.70
e1fb476d-4415-475b-be38-675807ae9f51,NL44160508857518,NL50874563152419,€248678.16
0fed0bae-3fd1-4d34-adab-d49f5c25215a,NL15198473285800,NL97555470911796,€901342.50
3a334816-f75c-4abe-b695-0527eaa23904,NL38354831041001,NL17477627364691,€789015.17
d7108f31-7b94-4524-96a9-d0ad7cecef79,NL88187975380624,NL86431854274407,€209218.06
9be5a343-c498-446b-95d2-8f83346a6a5c,NL24361181130904,NL20608757672733,€150174.85
2dfed81a-67e7-42f4-b9cc-162fe926000c,NL14054170576370,NL93684811297879,€792226.82
3715ad4a-e569-4757-8f13-b2bdde3ae63e,NL66008315458969,NL76495440298124,€700524.63
8d3f2a05-f083-4f82-a08b-a5c4c572a0f9,NL5534180018542,NL29019760207107,€608008.02
19dfb3a3-f772-47ef-8e8c-cff90ccd3287,NL19237721369243,NL56489997332781,€754630.61
78005f45-8591-46eb-87a0-fb6fd6ecaf04,NL25189422556700,NL93890226255010,€698635.65
c77fb831-1b90-41c5-a611-18b5469cc2c7,NL44560077733465,NL63339862301409,€96234.30
c71a807f-cf30-4324-97ab-90342476adb9,NL96667708193749,NL83703381889358,€827344.97
fcada608-bfff-417a-8985-deb38429a79d,NL65992381362936,NL90379373498700,€355924.60
76f68b1f-fef8-4401-9156-7a51e27ed1d7,NL99705901629905,NL10585262495769,€327878.82
08d4a188-53c2-4182-b568-d308db59c85f,NL29536827488352,NL45894243139919,€899597.43
e86f449d-8546-4ea1-adb2-2d5cae85e2f2,NL21435332504472,NL17867793595150,€919576.02
c88e1bd1-a1a5-4e6e-9211-e9651ce2bad8,NL41403787379726,NL98370012622054,€508452.79
1715ee56-e54f-4620-af6b-40fa73c94df1,NL13194006200082,NL79957121048233,€231439.00
5d1b985b-bd06-4bae-bca8-aff85dd387e7,NL10751402777414,NL70165694379665,€84244.07
8f682ed9-d3cb-408f-9c73-11cc9bba179a,NL50090713167132,NL2802023140664,€534196.57
5d7265b2-857b-4a26-8c30-d1f84b854912,NL16194056524763,NL1072719551560,€465615.35
8f538960-7e55-44a5-b565-151e93ea0693,NL69058439823366,NL68139075661186,€27353.70
248fbc00-c551-4759-bc91-c3db23861a4b,NL6249908759169,NL11621263769788,€468289.59
3a105bb6-e7ba-451a-b147-848e9af8fa36,NL41275590158514,NL6429653659054,€749124.12
7059b0b4-3bf0-47c7-9ee0-038f4963b5d7,NL24432908390807,NL83172063405303,€901102.08
a8592c2d-e7f7-4126-8bdf-fe61230545b0,NL51617744750751,NL76743694059108,€619447.22
1e6841b9-cd1f-4847-a3b3-72ad3b82fe4d,NL88470357516961,NL75728446340241,€681507.15
c74dc3f4-1c43-4c98-9fd2-0fb2bf37b55d,NL9852578046688,NL62046321727157,€779332.27
ecc90c1b-9362-4137-8a61-e1016753b918,NL8728226069288,NL59057090230937,€529960.33
c2da3200-de32-471f-95f4-ab9a4b783e50,NL21645273355747,NL78834304113093,€952829.68
0aae0124-1767-4867-86ad-32be66356e23,NL2008742607753,NL56455299743431,€820762.34
05a5146a-d128-4b5e-84e6-4f781e3e12ed,NL59652407263553,NL29556574540526,€7200.65
ee609878-9b3a-4ca3-ae47-4e47ff96f674,NL53770269529109,NL21691126266421,€620785.77
d46bec93-73cb-47d0-a9e0-2ff58d05f43a,NL76456102674022,NL46670257103753,€712969.45
ce04676b-689c-4173-b63c-50c9ecdfdfce,NL48991877234206,NL71071319408926,€634408.45
01ca40b5-6c50-44d3-a221-377e5eab145a,NL5831840268767,NL94843767350011,€111289.17
fb4c2bfd-0d97-464c-9739-ebdca276259d,NL37688933299911,NL33032099371307,€347288.41
05ae6f65-abad-4708-a493-f9261cebb690,NL36493741380825,NL46843396132300,€914035.95
5bf858e1-68af-492d-b299-01480c64d1cd,NL53225239869131,NL36158501451655,€934290.44
c5c57bd0-6ea3-40bf-a0e0-93c8e8fa9c4e,NL280639931823,NL61298500249075,€250337.84
d73ae6e8-98bf-4e0c-bc8c-b9c89deb2715,NL41085676554296,NL37716881028466,€779960.34
08954723-ec18-4122-8373-7c45869046ce,NL26665236822807,NL10090902573907,€897581.46
589a74bb-ea43-4cf0-bd39-2ba112c8363d,NL35872479306796,NL70461079109336,€495337.81
136e52f6-992f-4b18-bc4b-0f66bf69419f,NL6848240684990,NL86997941571406,€496420.51
ce4be7b0-564e-455a-b5d0-7a9a7dd9fa1b,NL57418236321399,NL2900358654373,€81423.79
0709d953-2c36-407b-9d2d-ac11b6c23842,NL45813941039126,NL81404089022,€594000.71
8ded3dbb-0e83-40a1-a9ea-cdd2fdffdb4c,NL1591239980002,NL30251843229721,€124343.05
591eee84-dd7e-43c2-96b4-73f362771fee,NL27255307268978,NL8857953527643,€365490.65
101bece5-5fa1-404f-a9f1-949671e883ad,NL10065249368055,NL66067575754787,€799040.56
58d834a8-34d9-4cf9-a34e-93a4a40c5938,NL29716625732569,NL44235386974475,€759572.21
aca6ba1c-f9dd-449c-ab37-2104d390c0fe,NL30912420450795,NL97379424876772,€880613.36
9b5b9031-e863-49e5-92cf-e2f6a1e320e2,NL94446371977387,NL65278570899671,€861821.03
e436b9b9-9fd5-4780-a2a3-b0415be03797,NL83912153833422,NL13447730783334,€115586.63
acbc391c-4532-4287-ad12-0e2351e268d6,NL21144286573354,NL4490821053975,€36265.04
69f6cc3f-bd4c-4325-bb3b-7e79cdc397df,NL30059835509945,NL4400585757883,€263923.49
f2b0cda0-8f23-4062-902f-443d8f493dbc,NL11721328540008,NL32577958083865,€760805.31
e2150d85-9213-428c-9230-2fb36d27da79,NL35477099106766,NL4693369487916,€393877.32
728705d5-c6b1-416b-a6d9-50c603eea7ac,NL72749723408019,NL11424913232852,€583400.37
93e0bce8-25b2-4082-a5ec-de3a073d4869,NL75919447906709,NL56727551582848,€129613.21
aedaa20c-69e6-46fc-9f1c-50bcbbfdb301,NL54467905362849,NL60276280497116,€76052.90
f889fe35-04c6-4526-9209-c8f236b00816,NL1076372118806,NL75072873149723,€959599.18
1dbebbee-b2c7-444c-921f-1247ad740194,NL97751029699814,NL83919870775658,€940148.42
f892f382-ffc6-453b-9fab-3bfb87325e61,NL77567085751761,NL39469124692715,€695937.81
98e24547-9c9b-460c-ba87-80f14438a403,NL54379030176325,NL78362802718024,€695171.50
00e385ff-8671-4cc4-8c49-05c691f6d5b4,NL71182483832621,NL72392638747319,€644516.56
49015597-b835-4584-9767-dbea090d856d,NL90535706827314,NL43086361475028,€482315.33
015ba2d4-efca-4139-bb9c-4ab678fb53ce,NL88421657993272,NL37675482217770,€449194.37
0ef0fa1e-b857-4c2b-a89e-86551a302c87,NL98332710447470,NL16159672253475,€878533.79
acddf665-c520-47e8-8c89-ca390dc14244,NL79734906406305,NL71172251484240,€823885.81
e43305df-076b-4fb4-9c54-ca69fbdc1bb2,NL68671183337661,NL19846897969835,€720473.75
d6787684-5ae0-4547-b1e8-27baadf6860c,NL59742441856623,NL60735363646564,€429924.42
99c8a404-1c3f-4874-8871-e10eb014aada,NL92356137460776,NL49453284056725,€436115.87
22891e3f-91d9-428c-90ad-d15d1b30f9cf,NL55416812165753,NL41284516962233,€171016.03
b93f233b-4b75-46d4-9cc0-ec6698cc8416,NL2653544160185,NL2294353020280,€224531.88
5358893c-a468-4451-84a5-410c176a16ef,NL87734005440724,NL3043514028546,€67553.85
c71b40f1-b2ff-4ee1-8ab9-06a086550f79,NL25266210466169,NL2448401704031,€789984.16
cbb4c691-a89a-45b7-8ec2-73d0ec1d1af3,NL73288403274803,NL4513152297915,€457133.78
eef07fd8-76dc-475a-8589-17d44fdfc0be,NL5527892129594,NL60640183304115,€897924.46
df33e63b-9ea0-4bea-8010-ead495e2aaed,NL96438648340315,NL21445864725516,€55347.52
34272f9e-db4e-411a-9339-99a66fa71385,NL31476288766147,NL96115897121297,€488410.27
455430ee-882f-486f-b6cf-1f6ca74821e9,NL96894207084203,NL23248120792417,€456531.29
21d9c1d6-2b74-4361-8d34-e1bb376a78c9,NL19963980786608,NL85345069806103,€461376.59
e9d19b8f-1866-4cd5-b8c3-a78ff426aa45,NL48911967564494,NL47568706253556,€805294.60
7c546982-70f1-406a-9122-5a1179915c01,NL17222766463802,NL35280036040749,€611120.64
38608dd5-db40-4d10-8c58-5a950ec49a31,NL93932555102088,NL1721752389113,€557341.85
8463e145-de13-48aa-b329-65825c4b19f5,NL98952591111175,NL39031237448726,€815524.06
54979987-1b71-4653-99d3-f43ba9481382,NL82465660556713,NL27448704541275,€960683.30
34e26413-7cf7-4948-99d6-0b24fbaa1c72,NL22458279299243,NL15882031078785,€330273.46
e86aa232-6260-4ffe-a044-614e622c76a0,NL3360997902888,NL63515574468955,€858175.24
94e6a794-864f-461d-8038-6d78615f87d2,NL50164349235533,NL52543683198424,€318339.83
38cb5989-e033-4c1b-8267-21ece2ec8666,NL57268096286742,NL35420751907772,€594442.14
88ef7638-4bec-41f7-a039-7ddac5be2f9f,NL63153656377707,NL9946957339481,€358254.36
189ea983-a5ce-4708-9480-bb0157145721,NL83999451452696,NL71157970778109,€927422.69
789eed24-01c5-421b-9d81-dcdd072614a7,NL44676920066056,NL53087740934464,€378763.12
fa55cc19-e413-4b7d-a8b6-2fb293a5953a,NL80020030385877,NL52876868933286,€964290.50
30184053-5a88-4c56-99b1-b56a52fb1fb3,NL66069214803144,NL36118496287623,€474816.51
34ea363c-26e6-4b7b-b755-82e14738b4a6,NL20313448156518,NL12395014531732,€154369.31
5e77db20-8c1f-4e27-a9ac-5fa85b6e8a8c,NL454757561382,NL27091914346543,€642654.77
e41f68ab-66d0-4be5-bd5c-7d764693a452,NL20919362728301,NL91497759333517,€204803.86
e4871565-0f6f-44b3-840f-39f46202c9db,NL54024100149959,NL87631011788893,€984138.33
fbaa2c42-0809-4968-9509-8363f1a0995a,NL3011791311678,NL13208249324015,€81472.11
4a57fd71-52fc-4886-aa06-4f3fb4f9d744,NL54580057562410,NL80069264944974,€649960.61
2805db46-8269-4b64-8870-9b857aee2a23,NL25730495520726,NL96658746771106,€74422.39
c8eefe86-20b0-47fe-bfc7-2074cff9eb8b,NL62430679981599,NL2256946294938,€838615.33
3aff5f00-37b6-4ac1-86ea-4e530d997979,NL46049414635055,NL75302582428362,€291391.90
c07db913-aabf-46ba-ba39-51f51669835a,NL34416387668459,NL31780349832774,€608055.88
9116d830-eb0e-4d9f-a03d-aefc53c0c342,NL30009005214686,NL3905596540932,€405697.76
0cc4a89d-8825-4734-929d-303ebf2dc7d3,NL3807156761434,NL29639004480918,€624672.74
